instance_id,id,token,user_id,revoked,created_at,updated_at,parent,session_id
00000000-0000-0000-0000-000000000000,63,wtw54kkpwysn,a2afd759-1f92-4b05-a3f3-489290dcf6a7,true,"""2026-08-30T10:10:12.871Z""","""2026-08-30T11:12:41.799Z""",zus3n2rokn3i,d93aec45-6b5d-4ec9-a234-bd3141b5ff70
00000000-0000-0000-0000-000000000000,1266,w2rhqvxp3wza,ea0ba87c-f14e-45b4-9757-c79e1f830f3b,true,"""2026-09-15T07:26:57.981Z""","""2026-09-15T08:34:25.316Z""",foh5u6r2vnqs,546fb32f-3e88-4504-9d23-f8c090b7f925
00000000-0000-0000-0000-000000000000,1532,74flo3uy6ywb,ea0ba87c-f14e-45b4-9757-c79e1f830f3b,true,"""2026-09-19T13:36:12.441Z""","""2026-09-19T14:55:50.273Z""",gfbebdd4qwdz,546fb32f-3e88-4504-9d23-f8c090b7f925
00000000-0000-0000-0000-000000000000,275,2ucn45mwtjde,a2afd759-1f92-4b05-a3f3-489290dcf6a7,true,"""2026-09-02T06:30:09.234Z""","""2026-09-02T07:50:56.257Z""",su5y2ekvfisd,d93aec45-6b5d-4ec9-a234-bd3141b5ff70
00000000-0000-0000-0000-000000000000,983,iwgbehdhxtef,a2afd759-1f92-4b05-a3f3-489290dcf6a7,true,"""2026-09-11T07:05:50.641Z""","""2026-09-11T08:07:38.391Z""",wrx2sunxp4uw,d93aec45-6b5d-4ec9-a234-bd3141b5ff70
00000000-0000-0000-0000-000000000000,279,sefyco6qqxyh,a2afd759-1f92-4b05-a3f3-489290dcf6a7,true,"""2026-09-02T07:50:56.265Z""","""2026-09-02T08:56:49.280Z""",2ucn45mwtjde,d93aec45-6b5d-4ec9-a234-bd3141b5ff70
00000000-0000-0000-0000-000000000000,1043,hn7uvpcjjpt3,ea0ba87c-f14e-45b4-9757-c79e1f830f3b,true,"""2026-09-11T14:07:47.359Z""","""2026-09-11T15:06:01.425Z""",xcvb2ol2kdws,546fb32f-3e88-4504-9d23-f8c090b7f925
00000000-0000-0000-0000-000000000000,1207,6bm35wzlpghg,ea0ba87c-f14e-45b4-9757-c79e1f830f3b,true,"""2026-09-14T06:54:09.686Z""","""2026-09-14T09:39:03.426Z""",5gsbmbpbo2ta,546fb32f-3e88-4504-9d23-f8c090b7f925
00000000-0000-0000-0000-000000000000,221,vx6wy6gyppbb,a2afd759-1f92-4b05-a3f3-489290dcf6a7,true,"""2026-09-01T07:51:57.224Z""","""2026-09-01T09:01:10.119Z""",pq22c4bbppbr,d93aec45-6b5d-4ec9-a234-bd3141b5ff70
00000000-0000-0000-0000-000000000000,1003,fwni6epy2kgz,ea0ba87c-f14e-45b4-9757-c79e1f830f3b,true,"""2026-09-11T09:46:01.382Z""","""2026-09-11T10:49:26.611Z""",,546fb32f-3e88-4504-9d23-f8c090b7f925
00000000-0000-0000-0000-000000000000,1539,yz4s66rjqzvs,669769f1-0d1d-47c2-9ce3-e18dacaccbc3,true,"""2026-09-19T14:37:39.642Z""","""2026-09-20T03:15:45.135Z""",,9d90c5a6-fd51-4379-8156-1b26ad0439fc
00000000-0000-0000-0000-000000000000,1066,fiqkrplhq5t3,ea0ba87c-f14e-45b4-9757-c79e1f830f3b,true,"""2026-09-12T05:59:40.981Z""","""2026-09-12T07:00:34.102Z""",wypl3doky6pf,546fb32f-3e88-4504-9d23-f8c090b7f925
00000000-0000-0000-0000-000000000000,284,c4bldvnmjjm4,a2afd759-1f92-4b05-a3f3-489290dcf6a7,true,"""2026-09-02T08:56:49.296Z""","""2026-09-02T09:55:18.844Z""",sefyco6qqxyh,d93aec45-6b5d-4ec9-a234-bd3141b5ff70
00000000-0000-0000-0000-000000000000,1478,5gq5owdrlp4e,ea0ba87c-f14e-45b4-9757-c79e1f830f3b,true,"""2026-09-18T14:08:01.477Z""","""2026-09-19T04:42:53.911Z""",5qu3pecbujm7,546fb32f-3e88-4504-9d23-f8c090b7f925
00000000-0000-0000-0000-000000000000,1488,ocs2456x6gar,4d7fdece-0cd7-40c4-b771-f0d8315ddd76,true,"""2026-09-19T03:58:39.737Z""","""2026-09-19T05:48:09.609Z""",gv45ybcvz35o,6c31883f-d56d-4228-8a1d-7d6b70719e31
00000000-0000-0000-0000-000000000000,501,f6jwwlvf3ogt,a2afd759-1f92-4b05-a3f3-489290dcf6a7,true,"""2026-09-05T09:06:30.777Z""","""2026-09-05T11:09:50.737Z""",5yt4asqaw6q2,d93aec45-6b5d-4ec9-a234-bd3141b5ff70
00000000-0000-0000-0000-000000000000,1023,kwmcvwkjio45,ea0ba87c-f14e-45b4-9757-c79e1f830f3b,true,"""2026-09-11T11:54:45.826Z""","""2026-09-11T12:52:58.955Z""",jd4yomc5lped,546fb32f-3e88-4504-9d23-f8c090b7f925
00000000-0000-0000-0000-000000000000,1024,ypvynhrwnstn,200fe6c5-594e-4ab1-8172-51188af8df8e,true,"""2026-09-11T11:56:12.395Z""","""2026-09-11T13:18:00.915Z""",,aa262dbb-d73e-4a43-9f2c-65f88f2cd750
00000000-0000-0000-0000-000000000000,68,m4oxbmwf4o76,a2afd759-1f92-4b05-a3f3-489290dcf6a7,true,"""2026-08-30T11:12:41.805Z""","""2026-08-30T12:15:59.516Z""",wtw54kkpwysn,d93aec45-6b5d-4ec9-a234-bd3141b5ff70
00000000-0000-0000-0000-000000000000,544,6tgz5letsywr,a2afd759-1f92-4b05-a3f3-489290dcf6a7,true,"""2026-09-05T12:20:39.184Z""","""2026-09-06T04:01:05.788Z""",74buhdvcrsht,d93aec45-6b5d-4ec9-a234-bd3141b5ff70
00000000-0000-0000-0000-000000000000,1739,2dhsicnwu3zv,abd93692-5d4d-4204-baf6-b4b38443b698,true,"""2026-09-23T03:28:33.611Z""","""2026-09-23T04:31:54.617Z""",mluvkar4izhn,f2441d4c-4874-48a3-8351-7f36ce0b956b
00000000-0000-0000-0000-000000000000,913,fkge7l3geq6d,a2afd759-1f92-4b05-a3f3-489290dcf6a7,true,"""2026-09-10T05:21:16.399Z""","""2026-09-19T07:30:39.056Z""",e6utm6fqyzio,c0f6b926-7071-4185-bcd8-85f21ab98a61
00000000-0000-0000-0000-000000000000,1499,jxuelhhzndaa,ea0ba87c-f14e-45b4-9757-c79e1f830f3b,true,"""2026-09-19T06:52:46.695Z""","""2026-09-19T08:32:58.468Z""",kma7a4f72ie2,546fb32f-3e88-4504-9d23-f8c090b7f925
00000000-0000-0000-0000-000000000000,1216,mbackdc4rf7v,ea0ba87c-f14e-45b4-9757-c79e1f830f3b,true,"""2026-09-14T09:39:03.445Z""","""2026-09-14T11:00:13.421Z""",6bm35wzlpghg,546fb32f-3e88-4504-9d23-f8c090b7f925
00000000-0000-0000-0000-000000000000,914,ngfyvnssrnzx,a2afd759-1f92-4b05-a3f3-489290dcf6a7,true,"""2026-09-10T05:21:16.399Z""","""2026-09-10T09:53:49.568Z""",xbjed272b3h4,d93aec45-6b5d-4ec9-a234-bd3141b5ff70
00000000-0000-0000-0000-000000000000,1549,odmrocgskqlp,669769f1-0d1d-47c2-9ce3-e18dacaccbc3,true,"""2026-09-20T04:49:40.468Z""","""2026-09-20T05:51:45.092Z""",wrn2jntxxj2x,9d90c5a6-fd51-4379-8156-1b26ad0439fc
00000000-0000-0000-0000-000000000000,75,4dsjev2uvj4f,a2afd759-1f92-4b05-a3f3-489290dcf6a7,true,"""2026-08-30T12:15:59.521Z""","""2026-08-31T04:30:37.183Z""",m4oxbmwf4o76,d93aec45-6b5d-4ec9-a234-bd3141b5ff70
00000000-0000-0000-0000-000000000000,288,t3tkul2uu4ik,a2afd759-1f92-4b05-a3f3-489290dcf6a7,true,"""2026-09-02T09:55:18.858Z""","""2026-09-02T10:55:22.401Z""",c4bldvnmjjm4,d93aec45-6b5d-4ec9-a234-bd3141b5ff70
00000000-0000-0000-0000-000000000000,1225,j4gsdssjekej,a2afd759-1f92-4b05-a3f3-489290dcf6a7,true,"""2026-09-14T11:09:45.658Z""","""2026-09-14T12:47:37.138Z""",ntvgtmx3bjjo,b17c9755-830a-4d02-9733-d16da3da41d2
00000000-0000-0000-0000-000000000000,1511,7dalupxgqye2,8c99ef63-96b0-442c-b9d0-aad6edbc5854,true,"""2026-09-19T09:22:59.619Z""","""2026-09-19T12:44:00.315Z""",3mlrq264vhxd,ac5ea5a9-2413-4dcf-b50e-127c07bad614
00000000-0000-0000-0000-000000000000,1285,3ghj6ef3orv2,4d7fdece-0cd7-40c4-b771-f0d8315ddd76,true,"""2026-09-15T11:11:29.066Z""","""2026-09-15T12:33:23.059Z""",aqydylukhbft,6c31883f-d56d-4228-8a1d-7d6b70719e31
00000000-0000-0000-0000-000000000000,546,oelnf3u6ezdb,a2afd759-1f92-4b05-a3f3-489290dcf6a7,true,"""2026-09-05T12:27:11.745Z""","""2026-09-06T05:27:13.549Z""",,ceff4317-ee67-474a-b463-e776d88a185b
00000000-0000-0000-0000-000000000000,1144,cpyfiyuytzas,200fe6c5-594e-4ab1-8172-51188af8df8e,true,"""2026-09-13T07:05:26.786Z""","""2026-09-13T10:40:57.548Z""",qmhfflnrx43a,aa262dbb-d73e-4a43-9f2c-65f88f2cd750
00000000-0000-0000-0000-000000000000,950,mdkdc5l2quvh,a2afd759-1f92-4b05-a3f3-489290dcf6a7,true,"""2026-09-10T12:09:12.609Z""","""2026-09-10T13:29:27.425Z""",ddqre6q4dcou,d93aec45-6b5d-4ec9-a234-bd3141b5ff70
00000000-0000-0000-0000-000000000000,1749,y5thu6cirmyl,a2afd759-1f92-4b05-a3f3-489290dcf6a7,true,"""2026-09-23T06:38:19.612Z""","""2026-09-23T08:44:02.145Z""",snczbqvplepv,b17c9755-830a-4d02-9733-d16da3da41d2
00000000-0000-0000-0000-000000000000,1758,av5j3rvj4dzk,4d7fdece-0cd7-40c4-b771-f0d8315ddd76,true,"""2026-09-23T08:31:51.172Z""","""2026-09-23T09:50:46.719Z""",4o6tia7gazbh,6c31883f-d56d-4228-8a1d-7d6b70719e31
00000000-0000-0000-0000-000000000000,251,3igcv4lsjruk,a2afd759-1f92-4b05-a3f3-489290dcf6a7,true,"""2026-09-01T12:46:48.347Z""","""2026-09-02T05:00:00.376Z""",mcx5jz4b62nx,d93aec45-6b5d-4ec9-a234-bd3141b5ff70
00000000-0000-0000-0000-000000000000,1172,ot2zkgzjdr7b,ea0ba87c-f14e-45b4-9757-c79e1f830f3b,true,"""2026-09-13T11:55:25.130Z""","""2026-09-13T13:02:02.943Z""",zfzogc4teqx6,546fb32f-3e88-4504-9d23-f8c090b7f925
00000000-0000-0000-0000-000000000000,1768,tzwatutcqfoj,200fe6c5-594e-4ab1-8172-51188af8df8e,true,"""2026-09-23T10:36:40.367Z""","""2026-09-23T11:37:25.810Z""",mi3do63vbm4k,76095e30-8cd9-42e3-9791-323fbdb48c4a
00000000-0000-0000-0000-000000000000,1728,yii3o5laayja,a2afd759-1f92-4b05-a3f3-489290dcf6a7,true,"""2026-09-22T13:11:22.358Z""","""2026-09-24T05:33:35.227Z""",pjpgap7vqwix,c0f6b926-7071-4185-bcd8-85f21ab98a61
00000000-0000-0000-0000-000000000000,1581,7bvgqo7fejre,ea0ba87c-f14e-45b4-9757-c79e1f830f3b,true,"""2026-09-20T10:45:58.586Z""","""2026-09-20T11:50:33.891Z""",bcpgp7cvzg4i,546fb32f-3e88-4504-9d23-f8c090b7f925
00000000-0000-0000-0000-000000000000,1245,z632bawehnky,ea0ba87c-f14e-45b4-9757-c79e1f830f3b,true,"""2026-09-14T14:56:58.163Z""","""2026-09-15T03:04:15.358Z""",fjpbz7zhx2ll,8e190bb6-eed5-48e8-9c0a-0f6578ada5f8
00000000-0000-0000-0000-000000000000,36,2me3dyq6zmjy,a2afd759-1f92-4b05-a3f3-489290dcf6a7,true,"""2026-08-30T04:25:57.751Z""","""2026-08-30T05:35:53.901Z""",,d93aec45-6b5d-4ec9-a234-bd3141b5ff70
00000000-0000-0000-0000-000000000000,1257,glqogxapzbr2,4d7fdece-0cd7-40c4-b771-f0d8315ddd76,true,"""2026-09-15T03:57:18.510Z""","""2026-09-15T05:00:41.173Z""",xn5raiwmdwde,6c31883f-d56d-4228-8a1d-7d6b70719e31
00000000-0000-0000-0000-000000000000,1592,4xbaq2nhgiir,669769f1-0d1d-47c2-9ce3-e18dacaccbc3,true,"""2026-09-20T12:45:48.477Z""","""2026-09-20T13:43:54.718Z""",wcp7p4gdsei6,9d90c5a6-fd51-4379-8156-1b26ad0439fc
00000000-0000-0000-0000-000000000000,641,eqg3zuhpij2f,a2afd759-1f92-4b05-a3f3-489290dcf6a7,true,"""2026-09-06T11:49:56.430Z""","""2026-09-06T13:17:22.729Z""",6jtv6xb2gr74,c62ba7b0-e697-42bc-9eeb-56adff7efc8c
00000000-0000-0000-0000-000000000000,1615,6gt4lgiesjvi,a2afd759-1f92-4b05-a3f3-489290dcf6a7,true,"""2026-09-21T04:42:08.625Z""","""2026-09-21T06:08:21.417Z""",e5nk436vysjk,b17c9755-830a-4d02-9733-d16da3da41d2
00000000-0000-0000-0000-000000000000,42,5xxr4to72io6,a2afd759-1f92-4b05-a3f3-489290dcf6a7,true,"""2026-08-30T05:35:53.910Z""","""2026-08-30T07:35:17.225Z""",2me3dyq6zmjy,d93aec45-6b5d-4ec9-a234-bd3141b5ff70
00000000-0000-0000-0000-000000000000,49,csqz2qch3h7t,a2afd759-1f92-4b05-a3f3-489290dcf6a7,true,"""2026-08-30T07:35:17.236Z""","""2026-08-30T09:08:43.987Z""",5xxr4to72io6,d93aec45-6b5d-4ec9-a234-bd3141b5ff70
00000000-0000-0000-0000-000000000000,57,zus3n2rokn3i,a2afd759-1f92-4b05-a3f3-489290dcf6a7,true,"""2026-08-30T09:08:43.995Z""","""2026-08-30T10:10:12.865Z""",csqz2qch3h7t,d93aec45-6b5d-4ec9-a234-bd3141b5ff70
00000000-0000-0000-0000-000000000000,1467,jzyosnawrg2n,ea0ba87c-f14e-45b4-9757-c79e1f830f3b,true,"""2026-09-18T12:11:55.581Z""","""2026-09-18T13:10:01.651Z""",x4m7ftrxfuw5,546fb32f-3e88-4504-9d23-f8c090b7f925
00000000-0000-0000-0000-000000000000,1540,wnuaxit7mncs,4d7fdece-0cd7-40c4-b771-f0d8315ddd76,true,"""2026-09-19T14:47:13.366Z""","""2026-09-20T03:30:14.518Z""",o7zomks5xzst,6c31883f-d56d-4228-8a1d-7d6b70719e31
00000000-0000-0000-0000-000000000000,228,rz2tgybfydti,a2afd759-1f92-4b05-a3f3-489290dcf6a7,true,"""2026-09-01T09:01:10.127Z""","""2026-09-01T10:02:47.578Z""",vx6wy6gyppbb,d93aec45-6b5d-4ec9-a234-bd3141b5ff70
00000000-0000-0000-0000-000000000000,1258,uiq4o6pylvpb,4d7fdece-0cd7-40c4-b771-f0d8315ddd76,true,"""2026-09-15T05:00:41.194Z""","""2026-09-15T08:01:47.755Z""",glqogxapzbr2,6c31883f-d56d-4228-8a1d-7d6b70719e31
00000000-0000-0000-0000-000000000000,1479,gv45ybcvz35o,4d7fdece-0cd7-40c4-b771-f0d8315ddd76,true,"""2026-09-18T14:38:30.371Z""","""2026-09-19T03:58:39.722Z""",ukgphoi7kymm,6c31883f-d56d-4228-8a1d-7d6b70719e31
00000000-0000-0000-0000-000000000000,1133,o7ayx53lle4f,ea0ba87c-f14e-45b4-9757-c79e1f830f3b,true,"""2026-09-13T03:58:34.930Z""","""2026-09-13T05:48:35.552Z""",eh76okoggpvg,546fb32f-3e88-4504-9d23-f8c090b7f925
00000000-0000-0000-0000-000000000000,1729,uwlukwlhovuf,669769f1-0d1d-47c2-9ce3-e18dacaccbc3,true,"""2026-09-22T13:47:38.368Z""","""2026-09-23T05:08:19.713Z""",5eozkwhfmfcg,9d90c5a6-fd51-4379-8156-1b26ad0439fc
00000000-0000-0000-0000-000000000000,1740,y46ngr4cb6vf,abd93692-5d4d-4204-baf6-b4b38443b698,true,"""2026-09-23T04:31:54.635Z""","""2026-09-23T05:39:58.278Z""",2dhsicnwu3zv,f2441d4c-4874-48a3-8351-7f36ce0b956b
00000000-0000-0000-0000-000000000000,233,mcx5jz4b62nx,a2afd759-1f92-4b05-a3f3-489290dcf6a7,true,"""2026-09-01T10:02:47.594Z""","""2026-09-01T12:46:48.342Z""",rz2tgybfydti,d93aec45-6b5d-4ec9-a234-bd3141b5ff70
00000000-0000-0000-0000-000000000000,1027,a6wee375fvrf,a2afd759-1f92-4b05-a3f3-489290dcf6a7,true,"""2026-09-11T12:10:41.786Z""","""2026-09-11T13:09:52.748Z""",,b17c9755-830a-4d02-9733-d16da3da41d2
00000000-0000-0000-0000-000000000000,1079,enq3aps7mwks,200fe6c5-594e-4ab1-8172-51188af8df8e,true,"""2026-09-12T07:57:00.166Z""","""2026-09-12T10:15:24.422Z""",mh3eo23leaxc,aa262dbb-d73e-4a43-9f2c-65f88f2cd750
00000000-0000-0000-0000-000000000000,1500,3qqqt66tudkx,4d7fdece-0cd7-40c4-b771-f0d8315ddd76,true,"""2026-09-19T06:59:52.457Z""","""2026-09-19T09:09:02.164Z""",juwmjleshrez,6c31883f-d56d-4228-8a1d-7d6b70719e31
00000000-0000-0000-0000-000000000000,625,ey7mhyiyxxbi,a2afd759-1f92-4b05-a3f3-489290dcf6a7,false,"""2026-09-06T10:41:03.560Z""","""2026-09-06T10:41:03.560Z""",m3cui5jx5pyt,ceff4317-ee67-474a-b463-e776d88a185b
00000000-0000-0000-0000-000000000000,1512,42ephcbpk2uy,ea0ba87c-f14e-45b4-9757-c79e1f830f3b,true,"""2026-09-19T09:31:03.554Z""","""2026-09-19T10:33:28.297Z""",dlvxi4oamhbh,546fb32f-3e88-4504-9d23-f8c090b7f925
00000000-0000-0000-0000-000000000000,1550,usm2zf5fcgxx,a2afd759-1f92-4b05-a3f3-489290dcf6a7,true,"""2026-09-20T05:01:20.405Z""","""2026-09-20T06:37:48.752Z""",okxvoejffmfr,b17c9755-830a-4d02-9733-d16da3da41d2
00000000-0000-0000-0000-000000000000,1522,64odlgd43rdz,a2afd759-1f92-4b05-a3f3-489290dcf6a7,true,"""2026-09-19T11:45:42.846Z""","""2026-09-19T12:46:14.008Z""",zbhnvoiaj2ct,b17c9755-830a-4d02-9733-d16da3da41d2
00000000-0000-0000-0000-000000000000,1759,krlx3t5c33og,abd93692-5d4d-4204-baf6-b4b38443b698,true,"""2026-09-23T08:34:46.070Z""","""2026-09-23T09:33:15.808Z""",,3baed8d7-023b-4013-b15b-8a8560377e39
00000000-0000-0000-0000-000000000000,1382,7ulivjl72pd2,ea0ba87c-f14e-45b4-9757-c79e1f830f3b,true,"""2026-09-17T08:51:15.495Z""","""2026-09-17T13:09:11.716Z""",duyiw2w7wwz6,8e190bb6-eed5-48e8-9c0a-0f6578ada5f8
00000000-0000-0000-0000-000000000000,295,342bq25fbkgf,a2afd759-1f92-4b05-a3f3-489290dcf6a7,true,"""2026-09-02T10:55:22.408Z""","""2026-09-02T12:26:39.810Z""",t3tkul2uu4ik,d93aec45-6b5d-4ec9-a234-bd3141b5ff70
00000000-0000-0000-0000-000000000000,1561,aseteryff3p2,669769f1-0d1d-47c2-9ce3-e18dacaccbc3,true,"""2026-09-20T07:02:12.494Z""","""2026-09-20T08:15:29.676Z""",e3nuwj4d5lie,9d90c5a6-fd51-4379-8156-1b26ad0439fc
00000000-0000-0000-0000-000000000000,1184,vpz7xpgqww6x,ea0ba87c-f14e-45b4-9757-c79e1f830f3b,false,"""2026-09-13T13:33:44.907Z""","""2026-09-13T13:33:44.907Z""",,772a7b0b-1583-44bb-9037-75884aeddd7a
00000000-0000-0000-0000-000000000000,1769,yoifrhshwvbf,4d7fdece-0cd7-40c4-b771-f0d8315ddd76,true,"""2026-09-23T10:55:31.355Z""","""2026-09-23T11:56:54.197Z""",3mjaydaqqi3l,6c31883f-d56d-4228-8a1d-7d6b70719e31
00000000-0000-0000-0000-000000000000,272,su5y2ekvfisd,a2afd759-1f92-4b05-a3f3-489290dcf6a7,true,"""2026-09-02T05:00:00.383Z""","""2026-09-02T06:30:09.224Z""",3igcv4lsjruk,d93aec45-6b5d-4ec9-a234-bd3141b5ff70
00000000-0000-0000-0000-000000000000,1571,wlftungl5enk,a2afd759-1f92-4b05-a3f3-489290dcf6a7,true,"""2026-09-20T09:00:55.276Z""","""2026-09-20T09:59:23.068Z""",sqpiq4dizwb6,b17c9755-830a-4d02-9733-d16da3da41d2
00000000-0000-0000-0000-000000000000,1185,2us67uqjn6yc,ea0ba87c-f14e-45b4-9757-c79e1f830f3b,true,"""2026-09-13T13:33:45.029Z""","""2026-09-13T15:16:29.825Z""",lzlsd3t3yk2j,8e190bb6-eed5-48e8-9c0a-0f6578ada5f8
00000000-0000-0000-0000-000000000000,1776,a76tbhrw4w4m,ea0ba87c-f14e-45b4-9757-c79e1f830f3b,true,"""2026-09-23T12:11:43.869Z""","""2026-09-23T13:46:42.699Z""",eooq4u6prez6,546fb32f-3e88-4504-9d23-f8c090b7f925
00000000-0000-0000-0000-000000000000,1583,eb65n6vw75nt,4d7fdece-0cd7-40c4-b771-f0d8315ddd76,true,"""2026-09-20T10:53:28.050Z""","""2026-09-20T11:54:09.061Z""",5jszcrx7jrtx,6c31883f-d56d-4228-8a1d-7d6b70719e31
00000000-0000-0000-0000-000000000000,1298,2wyfi725cptw,ea0ba87c-f14e-45b4-9757-c79e1f830f3b,true,"""2026-09-15T13:14:32.285Z""","""2026-09-15T14:12:59.601Z""",l4hqxhhkttqm,546fb32f-3e88-4504-9d23-f8c090b7f925
00000000-0000-0000-0000-000000000000,1750,lcmzlt5hklfs,abd93692-5d4d-4204-baf6-b4b38443b698,true,"""2026-09-23T06:50:02.404Z""","""2026-09-24T01:58:26.898Z""",zp4acosqu7wc,f2441d4c-4874-48a3-8351-7f36ce0b956b
00000000-0000-0000-0000-000000000000,1783,yf7rhams7yl5,abd93692-5d4d-4204-baf6-b4b38443b698,true,"""2026-09-23T13:26:47.143Z""","""2026-09-24T07:47:21.458Z""",emzamuita34y,3baed8d7-023b-4013-b15b-8a8560377e39
00000000-0000-0000-0000-000000000000,1164,ftrc6dkgz2jq,200fe6c5-594e-4ab1-8172-51188af8df8e,true,"""2026-09-13T10:40:57.548Z""","""2026-09-16T05:46:52.156Z""",cpyfiyuytzas,aa262dbb-d73e-4a43-9f2c-65f88f2cd750
00000000-0000-0000-0000-000000000000,1593,ajd5wc2btrjp,ea0ba87c-f14e-45b4-9757-c79e1f830f3b,true,"""2026-09-20T12:49:51.727Z""","""2026-09-20T13:50:00.231Z""",uww2ld4srlr2,546fb32f-3e88-4504-9d23-f8c090b7f925
00000000-0000-0000-0000-000000000000,1425,fk6q7hzh25op,4d7fdece-0cd7-40c4-b771-f0d8315ddd76,true,"""2026-09-18T04:30:40.408Z""","""2026-09-18T06:25:48.042Z""",rbpqwmnw5rxq,6c31883f-d56d-4228-8a1d-7d6b70719e31
00000000-0000-0000-0000-000000000000,1324,7pzugudcf6xa,ea0ba87c-f14e-45b4-9757-c79e1f830f3b,true,"""2026-09-16T08:41:01.714Z""","""2026-09-16T11:02:46.163Z""",z3eewbzvpe2a,546fb32f-3e88-4504-9d23-f8c090b7f925
00000000-0000-0000-0000-000000000000,99,pp2grgkkhuqq,a2afd759-1f92-4b05-a3f3-489290dcf6a7,true,"""2026-08-31T04:30:37.192Z""","""2026-08-31T05:41:05.425Z""",4dsjev2uvj4f,d93aec45-6b5d-4ec9-a234-bd3141b5ff70
00000000-0000-0000-0000-000000000000,1332,ofkgdx6waomg,4d7fdece-0cd7-40c4-b771-f0d8315ddd76,true,"""2026-09-16T10:45:12.648Z""","""2026-09-16T11:49:18.237Z""",cawuqbhgoru4,6c31883f-d56d-4228-8a1d-7d6b70719e31
00000000-0000-0000-0000-000000000000,1604,zapbsglzpwdr,ea0ba87c-f14e-45b4-9757-c79e1f830f3b,true,"""2026-09-20T14:48:45.686Z""","""2026-09-21T03:08:32.093Z""",pcuxiqrdkwmc,546fb32f-3e88-4504-9d23-f8c090b7f925
00000000-0000-0000-0000-000000000000,626,nvcbtl7rbbyh,a2afd759-1f92-4b05-a3f3-489290dcf6a7,true,"""2026-09-06T10:41:04.640Z""","""2026-09-06T11:44:27.796Z""",yg6ka53pomws,d93aec45-6b5d-4ec9-a234-bd3141b5ff70
00000000-0000-0000-0000-000000000000,1616,j7rlw42pyynl,669769f1-0d1d-47c2-9ce3-e18dacaccbc3,true,"""2026-09-21T05:00:32.928Z""","""2026-09-21T06:20:54.061Z""",lhxwb3yymquf,9d90c5a6-fd51-4379-8156-1b26ad0439fc
00000000-0000-0000-0000-000000000000,1365,dcfrjqed5unb,ea0ba87c-f14e-45b4-9757-c79e1f830f3b,true,"""2026-09-17T05:01:32.007Z""","""2026-09-17T06:00:55.422Z""",pnxanmx7khig,546fb32f-3e88-4504-9d23-f8c090b7f925
00000000-0000-0000-0000-000000000000,1626,rgmmsfdz6jzy,4d7fdece-0cd7-40c4-b771-f0d8315ddd76,true,"""2026-09-21T07:23:00.166Z""","""2026-09-21T09:35:31.759Z""",apprrsfepzsc,6c31883f-d56d-4228-8a1d-7d6b70719e31
00000000-0000-0000-0000-000000000000,102,vqqjjdtj7cet,a2afd759-1f92-4b05-a3f3-489290dcf6a7,true,"""2026-08-31T05:41:05.435Z""","""2026-08-31T06:52:44.979Z""",pp2grgkkhuqq,d93aec45-6b5d-4ec9-a234-bd3141b5ff70
00000000-0000-0000-0000-000000000000,1349,73ydowpnbn3c,4d7fdece-0cd7-40c4-b771-f0d8315ddd76,true,"""2026-09-16T14:17:00.940Z""","""2026-09-17T07:30:41.562Z""",t3q3boazxcee,6c31883f-d56d-4228-8a1d-7d6b70719e31
00000000-0000-0000-0000-000000000000,1373,vl6wgplcbjyq,ea0ba87c-f14e-45b4-9757-c79e1f830f3b,true,"""2026-09-17T07:03:16.832Z""","""2026-09-17T08:34:10.775Z""",ebqengfkjdgh,546fb32f-3e88-4504-9d23-f8c090b7f925
00000000-0000-0000-0000-000000000000,1635,ik6db7zjkreg,ea0ba87c-f14e-45b4-9757-c79e1f830f3b,true,"""2026-09-21T09:02:44.941Z""","""2026-09-21T10:11:25.790Z""",oyvu53i5wptx,546fb32f-3e88-4504-9d23-f8c090b7f925
00000000-0000-0000-0000-000000000000,1646,cv7brhyucmxs,ea0ba87c-f14e-45b4-9757-c79e1f830f3b,true,"""2026-09-21T11:19:10.927Z""","""2026-09-21T12:17:12.346Z""",gyp4xdr7odcf,546fb32f-3e88-4504-9d23-f8c090b7f925
00000000-0000-0000-0000-000000000000,1636,gvuomu35xm23,ea0ba87c-f14e-45b4-9757-c79e1f830f3b,true,"""2026-09-21T09:03:33.535Z""","""2026-09-21T12:39:40.250Z""",nvwstoens24u,8e190bb6-eed5-48e8-9c0a-0f6578ada5f8
00000000-0000-0000-0000-000000000000,655,uttyypnfjpc3,a2afd759-1f92-4b05-a3f3-489290dcf6a7,true,"""2026-09-06T13:17:22.734Z""","""2026-09-07T01:26:37.863Z""",eqg3zuhpij2f,c62ba7b0-e697-42bc-9eeb-56adff7efc8c
00000000-0000-0000-0000-000000000000,108,aj3cwsmwgehw,a2afd759-1f92-4b05-a3f3-489290dcf6a7,true,"""2026-08-31T06:52:44.988Z""","""2026-08-31T08:03:50.161Z""",vqqjjdtj7cet,d93aec45-6b5d-4ec9-a234-bd3141b5ff70
00000000-0000-0000-0000-000000000000,114,vsfeydi5424c,a2afd759-1f92-4b05-a3f3-489290dcf6a7,true,"""2026-08-31T08:03:50.174Z""","""2026-08-31T10:11:48.835Z""",aj3cwsmwgehw,d93aec45-6b5d-4ec9-a234-bd3141b5ff70
00000000-0000-0000-0000-000000000000,1534,o7zomks5xzst,4d7fdece-0cd7-40c4-b771-f0d8315ddd76,true,"""2026-09-19T13:40:34.789Z""","""2026-09-19T14:47:13.357Z""",umrq4i4d2ux6,6c31883f-d56d-4228-8a1d-7d6b70719e31
00000000-0000-0000-0000-000000000000,886,xbjed272b3h4,a2afd759-1f92-4b05-a3f3-489290dcf6a7,true,"""2026-09-09T12:04:58.791Z""","""2026-09-10T05:21:16.391Z""",mhtzqymzmitz,d93aec45-6b5d-4ec9-a234-bd3141b5ff70
00000000-0000-0000-0000-000000000000,211,pq22c4bbppbr,a2afd759-1f92-4b05-a3f3-489290dcf6a7,true,"""2026-09-01T06:51:28.617Z""","""2026-09-01T07:51:57.208Z""",k6ie6a4l6nd4,d93aec45-6b5d-4ec9-a234-bd3141b5ff70
00000000-0000-0000-0000-000000000000,1723,bqidi76cp3ba,abd93692-5d4d-4204-baf6-b4b38443b698,true,"""2026-09-22T12:52:16.285Z""","""2026-09-22T13:51:13.219Z""",hfivk4khxl3n,f2441d4c-4874-48a3-8351-7f36ce0b956b
00000000-0000-0000-0000-000000000000,628,3t3xenrh6h5v,a2afd759-1f92-4b05-a3f3-489290dcf6a7,false,"""2026-09-06T10:44:46.372Z""","""2026-09-06T10:44:46.372Z""",,27e7d87e-b65a-4290-a306-4baaf64635ea
00000000-0000-0000-0000-000000000000,1541,adsori24jipf,ea0ba87c-f14e-45b4-9757-c79e1f830f3b,true,"""2026-09-19T14:55:50.287Z""","""2026-09-20T06:25:57.734Z""",74flo3uy6ywb,546fb32f-3e88-4504-9d23-f8c090b7f925
00000000-0000-0000-0000-000000000000,1730,torzaosusvby,abd93692-5d4d-4204-baf6-b4b38443b698,true,"""2026-09-22T13:51:13.225Z""","""2026-09-23T02:28:42.070Z""",bqidi76cp3ba,f2441d4c-4874-48a3-8351-7f36ce0b956b
00000000-0000-0000-0000-000000000000,1112,gbahcgjtfw5j,ea0ba87c-f14e-45b4-9757-c79e1f830f3b,true,"""2026-09-12T12:37:53.736Z""","""2026-09-12T13:36:09.294Z""",zzt5fvmmrxxf,546fb32f-3e88-4504-9d23-f8c090b7f925
00000000-0000-0000-0000-000000000000,1390,ixeyfnxowlv5,a2afd759-1f92-4b05-a3f3-489290dcf6a7,true,"""2026-09-17T11:03:57.808Z""","""2026-09-17T12:03:30.864Z""",srpvw5zzqipa,b17c9755-830a-4d02-9733-d16da3da41d2
00000000-0000-0000-0000-000000000000,1741,2z6ymzxaolwr,a2afd759-1f92-4b05-a3f3-489290dcf6a7,true,"""2026-09-23T04:33:39.656Z""","""2026-09-23T05:37:21.133Z""",u227enzz2mfb,b17c9755-830a-4d02-9733-d16da3da41d2
00000000-0000-0000-0000-000000000000,1209,3qj2inlwepga,a2afd759-1f92-4b05-a3f3-489290dcf6a7,true,"""2026-09-14T07:21:09.915Z""","""2026-09-14T09:45:55.398Z""",3ku3pxyaao3z,b17c9755-830a-4d02-9733-d16da3da41d2
00000000-0000-0000-0000-000000000000,1269,gl5kpztfjabh,4d7fdece-0cd7-40c4-b771-f0d8315ddd76,true,"""2026-09-15T08:01:47.765Z""","""2026-09-15T10:07:31.919Z""",uiq4o6pylvpb,6c31883f-d56d-4228-8a1d-7d6b70719e31
00000000-0000-0000-0000-000000000000,1218,ntvgtmx3bjjo,a2afd759-1f92-4b05-a3f3-489290dcf6a7,true,"""2026-09-14T09:45:55.421Z""","""2026-09-14T11:09:45.646Z""",3qj2inlwepga,b17c9755-830a-4d02-9733-d16da3da41d2
00000000-0000-0000-0000-000000000000,1751,4e5jxeuleqvw,ea0ba87c-f14e-45b4-9757-c79e1f830f3b,true,"""2026-09-23T07:05:23.743Z""","""2026-09-23T08:03:45.205Z""",iroy5oi4nwcj,546fb32f-3e88-4504-9d23-f8c090b7f925
00000000-0000-0000-0000-000000000000,132,6fxr6ywrjxfl,a2afd759-1f92-4b05-a3f3-489290dcf6a7,true,"""2026-08-31T10:11:48.842Z""","""2026-08-31T11:10:34.279Z""",vsfeydi5424c,d93aec45-6b5d-4ec9-a234-bd3141b5ff70
00000000-0000-0000-0000-000000000000,1278,crn53b3ysotc,ea0ba87c-f14e-45b4-9757-c79e1f830f3b,true,"""2026-09-15T10:03:12.840Z""","""2026-09-15T11:06:17.081Z""",ni7aomidwob6,546fb32f-3e88-4504-9d23-f8c090b7f925
00000000-0000-0000-0000-000000000000,1146,46imbg5rqqdf,a2afd759-1f92-4b05-a3f3-489290dcf6a7,true,"""2026-09-13T07:34:58.770Z""","""2026-09-13T10:03:55.642Z""",4k2r32r64wvk,b17c9755-830a-4d02-9733-d16da3da41d2
00000000-0000-0000-0000-000000000000,1760,hfreqbml7ise,a2afd759-1f92-4b05-a3f3-489290dcf6a7,true,"""2026-09-23T08:44:02.163Z""","""2026-09-23T09:46:54.241Z""",y5thu6cirmyl,b17c9755-830a-4d02-9733-d16da3da41d2
00000000-0000-0000-0000-000000000000,1165,zfzogc4teqx6,ea0ba87c-f14e-45b4-9757-c79e1f830f3b,true,"""2026-09-13T10:44:51.558Z""","""2026-09-13T11:55:25.111Z""",tkeck2wcg37k,546fb32f-3e88-4504-9d23-f8c090b7f925
00000000-0000-0000-0000-000000000000,1681,cahhbiqoaejv,4d7fdece-0cd7-40c4-b771-f0d8315ddd76,true,"""2026-09-22T04:35:46.758Z""","""2026-09-22T05:46:42.964Z""",cqdeghi7keuf,6c31883f-d56d-4228-8a1d-7d6b70719e31
00000000-0000-0000-0000-000000000000,450,5wnoylbeswqc,a2afd759-1f92-4b05-a3f3-489290dcf6a7,true,"""2026-09-04T13:29:24.040Z""","""2026-09-05T03:05:44.594Z""",i5nq5m6hr7fy,d93aec45-6b5d-4ec9-a234-bd3141b5ff70
00000000-0000-0000-0000-000000000000,1770,eooq4u6prez6,ea0ba87c-f14e-45b4-9757-c79e1f830f3b,true,"""2026-09-23T11:11:51.671Z""","""2026-09-23T12:11:43.861Z""",auyapy646e2h,546fb32f-3e88-4504-9d23-f8c090b7f925
00000000-0000-0000-0000-000000000000,590,l5ue2he2nyr5,a2afd759-1f92-4b05-a3f3-489290dcf6a7,true,"""2026-09-06T05:27:06.955Z""","""2026-09-06T07:14:28.150Z""",3dfoixcfolja,d93aec45-6b5d-4ec9-a234-bd3141b5ff70
00000000-0000-0000-0000-000000000000,1595,7q4ywgoqzz54,4d7fdece-0cd7-40c4-b771-f0d8315ddd76,true,"""2026-09-20T12:57:31.663Z""","""2026-09-20T14:07:24.687Z""",quxqqrnagy25,6c31883f-d56d-4228-8a1d-7d6b70719e31
00000000-0000-0000-0000-000000000000,1777,e43c3pvxtfz6,8c99ef63-96b0-442c-b9d0-aad6edbc5854,true,"""2026-09-23T12:22:01.455Z""","""2026-09-23T13:22:23.685Z""",bsatpa2ixu6p,ac5ea5a9-2413-4dcf-b50e-127c07bad614
00000000-0000-0000-0000-000000000000,141,hi3lnkn6jhr4,a2afd759-1f92-4b05-a3f3-489290dcf6a7,true,"""2026-08-31T11:10:34.289Z""","""2026-08-31T12:46:39.732Z""",6fxr6ywrjxfl,d93aec45-6b5d-4ec9-a234-bd3141b5ff70
00000000-0000-0000-0000-000000000000,524,74buhdvcrsht,a2afd759-1f92-4b05-a3f3-489290dcf6a7,true,"""2026-09-05T11:09:50.748Z""","""2026-09-05T12:20:39.175Z""",f6jwwlvf3ogt,d93aec45-6b5d-4ec9-a234-bd3141b5ff70
00000000-0000-0000-0000-000000000000,1784,asgcvt3seb3g,200fe6c5-594e-4ab1-8172-51188af8df8e,true,"""2026-09-23T13:33:51.066Z""","""2026-09-23T14:39:24.848Z""",fwi4p2ncfuei,76095e30-8cd9-42e3-9791-323fbdb48c4a
00000000-0000-0000-0000-000000000000,1617,d7o3htidhiqi,4d7fdece-0cd7-40c4-b771-f0d8315ddd76,true,"""2026-09-21T05:13:25.470Z""","""2026-09-21T06:13:29.432Z""",2ietj4ad4od7,6c31883f-d56d-4228-8a1d-7d6b70719e31
00000000-0000-0000-0000-000000000000,1259,wofhgzlw4qbs,a2afd759-1f92-4b05-a3f3-489290dcf6a7,true,"""2026-09-15T05:03:12.975Z""","""2026-09-15T06:23:59.388Z""",y7yob2dwmzpz,b17c9755-830a-4d02-9733-d16da3da41d2
00000000-0000-0000-0000-000000000000,1399,jgqfyhmfrttn,4d7fdece-0cd7-40c4-b771-f0d8315ddd76,true,"""2026-09-17T12:32:37.169Z""","""2026-09-17T14:29:03.169Z""",46vz64elem4i,6c31883f-d56d-4228-8a1d-7d6b70719e31
00000000-0000-0000-0000-000000000000,1694,cib6gfqrxtlk,ea0ba87c-f14e-45b4-9757-c79e1f830f3b,true,"""2026-09-22T07:15:19.322Z""","""2026-09-22T08:14:30.933Z""",43yma64dcx3r,546fb32f-3e88-4504-9d23-f8c090b7f925
00000000-0000-0000-0000-000000000000,629,6jtv6xb2gr74,a2afd759-1f92-4b05-a3f3-489290dcf6a7,true,"""2026-09-06T10:45:25.579Z""","""2026-09-06T11:49:56.422Z""",,c62ba7b0-e697-42bc-9eeb-56adff7efc8c
00000000-0000-0000-0000-000000000000,1309,2ayhqqbesu7z,4d7fdece-0cd7-40c4-b771-f0d8315ddd76,true,"""2026-09-15T14:44:06.877Z""","""2026-09-16T09:41:59.668Z""",rije54eqk4sx,6c31883f-d56d-4228-8a1d-7d6b70719e31
00000000-0000-0000-0000-000000000000,1793,tl5kcplx25uu,abd93692-5d4d-4204-baf6-b4b38443b698,true,"""2026-09-24T01:58:26.927Z""","""2026-09-24T02:56:32.296Z""",lcmzlt5hklfs,f2441d4c-4874-48a3-8351-7f36ce0b956b
00000000-0000-0000-0000-000000000000,1637,bv5ixdjwlmlu,8c99ef63-96b0-442c-b9d0-aad6edbc5854,true,"""2026-09-21T09:27:25.788Z""","""2026-09-21T10:32:31.043Z""",ucp5t2dhy3sk,ac5ea5a9-2413-4dcf-b50e-127c07bad614
00000000-0000-0000-0000-000000000000,1688,jsdkbfnep73z,669769f1-0d1d-47c2-9ce3-e18dacaccbc3,true,"""2026-09-22T06:03:52.809Z""","""2026-09-22T09:33:03.197Z""",f43ciqmju222,9d90c5a6-fd51-4379-8156-1b26ad0439fc
00000000-0000-0000-0000-000000000000,1655,ztib5iakmfht,669769f1-0d1d-47c2-9ce3-e18dacaccbc3,true,"""2026-09-21T13:09:37.475Z""","""2026-09-21T14:28:23.482Z""",f6ynnaugdhcg,9d90c5a6-fd51-4379-8156-1b26ad0439fc
00000000-0000-0000-0000-000000000000,1795,2qj74tvaldzm,ea0ba87c-f14e-45b4-9757-c79e1f830f3b,true,"""2026-09-24T02:59:31.233Z""","""2026-09-24T04:36:00.946Z""",ubbd3brbauou,546fb32f-3e88-4504-9d23-f8c090b7f925
00000000-0000-0000-0000-000000000000,1789,n7edlxjfaj7h,200fe6c5-594e-4ab1-8172-51188af8df8e,true,"""2026-09-23T14:39:24.867Z""","""2026-09-24T04:42:01.230Z""",asgcvt3seb3g,76095e30-8cd9-42e3-9791-323fbdb48c4a
00000000-0000-0000-0000-000000000000,1699,536xgyv3d4wk,8c99ef63-96b0-442c-b9d0-aad6edbc5854,true,"""2026-09-22T08:37:36.078Z""","""2026-09-22T10:12:23.994Z""",po43l73ir7va,ac5ea5a9-2413-4dcf-b50e-127c07bad614
00000000-0000-0000-0000-000000000000,1797,v554uw22spka,669769f1-0d1d-47c2-9ce3-e18dacaccbc3,true,"""2026-09-24T04:16:49.051Z""","""2026-09-24T05:17:57.983Z""",yf4jnxvyf6fc,9d90c5a6-fd51-4379-8156-1b26ad0439fc
00000000-0000-0000-0000-000000000000,1799,n4htjfh6b5vd,200fe6c5-594e-4ab1-8172-51188af8df8e,true,"""2026-09-24T04:42:01.242Z""","""2026-09-24T05:56:31.012Z""",n7edlxjfaj7h,76095e30-8cd9-42e3-9791-323fbdb48c4a
00000000-0000-0000-0000-000000000000,1710,4gl7rnavjp2c,a2afd759-1f92-4b05-a3f3-489290dcf6a7,true,"""2026-09-22T10:32:52.835Z""","""2026-09-22T11:52:34.716Z""",x42bcxlohxuz,b17c9755-830a-4d02-9733-d16da3da41d2
00000000-0000-0000-0000-000000000000,1374,t3rjxnhqxrzo,a2afd759-1f92-4b05-a3f3-489290dcf6a7,true,"""2026-09-17T07:07:45.828Z""","""2026-09-17T09:32:18.252Z""",khkfexkifrqu,b17c9755-830a-4d02-9733-d16da3da41d2
00000000-0000-0000-0000-000000000000,1714,obdwufaycgii,200fe6c5-594e-4ab1-8172-51188af8df8e,true,"""2026-09-22T11:00:46.761Z""","""2026-09-22T11:59:03.729Z""",,76095e30-8cd9-42e3-9791-323fbdb48c4a
00000000-0000-0000-0000-000000000000,1718,hqjmpsgrxhmz,ea0ba87c-f14e-45b4-9757-c79e1f830f3b,true,"""2026-09-22T11:51:43.290Z""","""2026-09-22T12:55:47.826Z""",7eub3nukkxvu,546fb32f-3e88-4504-9d23-f8c090b7f925
00000000-0000-0000-0000-000000000000,1719,waizgklhy3wa,a2afd759-1f92-4b05-a3f3-489290dcf6a7,true,"""2026-09-22T11:52:34.724Z""","""2026-09-22T13:04:51.480Z""",4gl7rnavjp2c,b17c9755-830a-4d02-9733-d16da3da41d2
00000000-0000-0000-0000-000000000000,340,ahysweczjufz,a2afd759-1f92-4b05-a3f3-489290dcf6a7,true,"""2026-09-03T10:16:52.618Z""","""2026-09-03T11:15:18.426Z""",2hj2k3worc2t,d93aec45-6b5d-4ec9-a234-bd3141b5ff70
00000000-0000-0000-0000-000000000000,152,trtw72l4ngmu,a2afd759-1f92-4b05-a3f3-489290dcf6a7,true,"""2026-08-31T12:46:39.740Z""","""2026-09-01T04:41:59.166Z""",hi3lnkn6jhr4,d93aec45-6b5d-4ec9-a234-bd3141b5ff70
00000000-0000-0000-0000-000000000000,1384,srpvw5zzqipa,a2afd759-1f92-4b05-a3f3-489290dcf6a7,true,"""2026-09-17T09:32:18.258Z""","""2026-09-17T11:03:57.792Z""",t3rjxnhqxrzo,b17c9755-830a-4d02-9733-d16da3da41d2
00000000-0000-0000-0000-000000000000,183,k6ie6a4l6nd4,a2afd759-1f92-4b05-a3f3-489290dcf6a7,true,"""2026-09-01T04:41:59.175Z""","""2026-09-01T06:51:28.610Z""",trtw72l4ngmu,d93aec45-6b5d-4ec9-a234-bd3141b5ff70
00000000-0000-0000-0000-000000000000,1270,7y2zclon7cdr,a2afd759-1f92-4b05-a3f3-489290dcf6a7,true,"""2026-09-15T08:05:56.862Z""","""2026-09-15T09:04:15.979Z""",ojpomxnu4ap4,b17c9755-830a-4d02-9733-d16da3da41d2
00000000-0000-0000-0000-000000000000,1481,jyhzasghbs63,ea0ba87c-f14e-45b4-9757-c79e1f830f3b,true,"""2026-09-18T14:57:24.292Z""","""2026-09-19T15:02:23.765Z""",qwtcnek3nl6q,8e190bb6-eed5-48e8-9c0a-0f6578ada5f8
00000000-0000-0000-0000-000000000000,610,m3cui5jx5pyt,a2afd759-1f92-4b05-a3f3-489290dcf6a7,true,"""2026-09-06T08:26:18.900Z""","""2026-09-06T10:41:03.548Z""",m6mnutgulz3c,ceff4317-ee67-474a-b463-e776d88a185b
00000000-0000-0000-0000-000000000000,987,63ku5lwz5hpx,a2afd759-1f92-4b05-a3f3-489290dcf6a7,true,"""2026-09-11T08:07:38.407Z""","""2026-09-11T10:13:59.668Z""",iwgbehdhxtef,d93aec45-6b5d-4ec9-a234-bd3141b5ff70
00000000-0000-0000-0000-000000000000,609,yg6ka53pomws,a2afd759-1f92-4b05-a3f3-489290dcf6a7,true,"""2026-09-06T08:26:16.934Z""","""2026-09-06T10:41:04.639Z""",lforr3qjf4it,d93aec45-6b5d-4ec9-a234-bd3141b5ff70
00000000-0000-0000-0000-000000000000,675,o4jdaazlr3om,a2afd759-1f92-4b05-a3f3-489290dcf6a7,true,"""2026-09-07T01:26:37.865Z""","""2026-09-07T06:29:31.969Z""",uttyypnfjpc3,c62ba7b0-e697-42bc-9eeb-56adff7efc8c
00000000-0000-0000-0000-000000000000,699,ptcrge2olvc4,a2afd759-1f92-4b05-a3f3-489290dcf6a7,false,"""2026-09-07T06:29:31.970Z""","""2026-09-07T06:29:31.970Z""",o4jdaazlr3om,c62ba7b0-e697-42bc-9eeb-56adff7efc8c
00000000-0000-0000-0000-000000000000,1392,46vz64elem4i,4d7fdece-0cd7-40c4-b771-f0d8315ddd76,true,"""2026-09-17T11:09:44.073Z""","""2026-09-17T12:32:37.154Z""",wnwugkykn6fp,6c31883f-d56d-4228-8a1d-7d6b70719e31
00000000-0000-0000-0000-000000000000,1731,a4jbepynfjz4,ea0ba87c-f14e-45b4-9757-c79e1f830f3b,true,"""2026-09-22T13:56:39.454Z""","""2026-09-22T14:55:04.743Z""",7xdugdo3xiqv,546fb32f-3e88-4504-9d23-f8c090b7f925
00000000-0000-0000-0000-000000000000,1289,l4hqxhhkttqm,ea0ba87c-f14e-45b4-9757-c79e1f830f3b,true,"""2026-09-15T12:04:21.537Z""","""2026-09-15T13:14:32.270Z""",tvjuvhjsjfp5,546fb32f-3e88-4504-9d23-f8c090b7f925
00000000-0000-0000-0000-000000000000,1030,k6xyezln27b4,ea0ba87c-f14e-45b4-9757-c79e1f830f3b,false,"""2026-09-11T12:33:15.727Z""","""2026-09-11T12:33:15.727Z""",,ef922435-68b0-43b6-ac6d-8e8afe1c8149
00000000-0000-0000-0000-000000000000,1125,kbajrl6jw5bs,ea0ba87c-f14e-45b4-9757-c79e1f830f3b,true,"""2026-09-12T14:35:27.760Z""","""2026-09-13T02:53:27.414Z""",c6d2jwrcsslu,546fb32f-3e88-4504-9d23-f8c090b7f925
00000000-0000-0000-0000-000000000000,1048,lzwxkpve6v6p,ea0ba87c-f14e-45b4-9757-c79e1f830f3b,true,"""2026-09-11T14:30:43.772Z""","""2026-09-12T12:13:22.919Z""",yk447ljmcnpk,8e190bb6-eed5-48e8-9c0a-0f6578ada5f8
00000000-0000-0000-0000-000000000000,1100,lsdjngcqfbcf,200fe6c5-594e-4ab1-8172-51188af8df8e,true,"""2026-09-12T11:14:25.650Z""","""2026-09-12T12:13:27.955Z""",w2q4xq4scb2d,aa262dbb-d73e-4a43-9f2c-65f88f2cd750
00000000-0000-0000-0000-000000000000,1742,rpqcyt455jwm,4d7fdece-0cd7-40c4-b771-f0d8315ddd76,true,"""2026-09-23T04:36:31.368Z""","""2026-09-23T05:58:53.917Z""",g43omktwp3dj,6c31883f-d56d-4228-8a1d-7d6b70719e31
00000000-0000-0000-0000-000000000000,601,lforr3qjf4it,a2afd759-1f92-4b05-a3f3-489290dcf6a7,true,"""2026-09-06T07:14:28.159Z""","""2026-09-06T08:26:16.923Z""",l5ue2he2nyr5,d93aec45-6b5d-4ec9-a234-bd3141b5ff70
00000000-0000-0000-0000-000000000000,944,ddqre6q4dcou,a2afd759-1f92-4b05-a3f3-489290dcf6a7,true,"""2026-09-10T11:00:04.802Z""","""2026-09-10T12:09:12.590Z""",yrehdszlosui,d93aec45-6b5d-4ec9-a234-bd3141b5ff70
00000000-0000-0000-0000-000000000000,1114,yo2z5uoqpb5l,a2afd759-1f92-4b05-a3f3-489290dcf6a7,true,"""2026-09-12T13:00:01.601Z""","""2026-09-13T06:30:21.249Z""",ws3r5qtncwuf,b17c9755-830a-4d02-9733-d16da3da41d2
00000000-0000-0000-0000-000000000000,1491,23nnbbfscdp5,ea0ba87c-f14e-45b4-9757-c79e1f830f3b,true,"""2026-09-19T04:42:53.929Z""","""2026-09-19T05:48:26.373Z""",5gq5owdrlp4e,546fb32f-3e88-4504-9d23-f8c090b7f925
00000000-0000-0000-0000-000000000000,591,m6mnutgulz3c,a2afd759-1f92-4b05-a3f3-489290dcf6a7,true,"""2026-09-06T05:27:13.554Z""","""2026-09-06T08:26:18.894Z""",oelnf3u6ezdb,ceff4317-ee67-474a-b463-e776d88a185b
00000000-0000-0000-0000-000000000000,1563,j5qg4rdictug,ea0ba87c-f14e-45b4-9757-c79e1f830f3b,true,"""2026-09-20T07:25:02.567Z""","""2026-09-20T08:38:19.325Z""",pukuwtr6bmeb,546fb32f-3e88-4504-9d23-f8c090b7f925
00000000-0000-0000-0000-000000000000,1126,jqxgfdeoqlyv,ea0ba87c-f14e-45b4-9757-c79e1f830f3b,true,"""2026-09-12T14:35:34.523Z""","""2026-09-13T09:46:18.952Z""",nfbrc3wey2gx,8e190bb6-eed5-48e8-9c0a-0f6578ada5f8
00000000-0000-0000-0000-000000000000,1156,tkeck2wcg37k,ea0ba87c-f14e-45b4-9757-c79e1f830f3b,true,"""2026-09-13T09:43:30.171Z""","""2026-09-13T10:44:51.542Z""",rhwaxvkanogy,546fb32f-3e88-4504-9d23-f8c090b7f925
00000000-0000-0000-0000-000000000000,1318,j3ueksv44gkz,200fe6c5-594e-4ab1-8172-51188af8df8e,false,"""2026-09-16T05:46:52.161Z""","""2026-09-16T05:46:52.161Z""",ftrc6dkgz2jq,aa262dbb-d73e-4a43-9f2c-65f88f2cd750
00000000-0000-0000-0000-000000000000,1166,2zgi7dwegq4l,a2afd759-1f92-4b05-a3f3-489290dcf6a7,true,"""2026-09-13T11:02:39.255Z""","""2026-09-13T12:56:52.401Z""",y726nkjc6vrq,b17c9755-830a-4d02-9733-d16da3da41d2
00000000-0000-0000-0000-000000000000,1504,odjsbcwb6hj4,a2afd759-1f92-4b05-a3f3-489290dcf6a7,true,"""2026-09-19T07:30:39.936Z""","""2026-09-19T08:36:13.447Z""",7v4567okwmfq,b17c9755-830a-4d02-9733-d16da3da41d2
00000000-0000-0000-0000-000000000000,1573,mw24y6i5hyfh,8c99ef63-96b0-442c-b9d0-aad6edbc5854,true,"""2026-09-20T09:16:33.185Z""","""2026-09-20T12:42:36.233Z""",ofygmuhbuqzq,ac5ea5a9-2413-4dcf-b50e-127c07bad614
00000000-0000-0000-0000-000000000000,1585,wcp7p4gdsei6,669769f1-0d1d-47c2-9ce3-e18dacaccbc3,true,"""2026-09-20T11:42:05.959Z""","""2026-09-20T12:45:48.467Z""",2micd3wtvfn3,9d90c5a6-fd51-4379-8156-1b26ad0439fc
00000000-0000-0000-0000-000000000000,1188,gj2czuxxvyez,ea0ba87c-f14e-45b4-9757-c79e1f830f3b,true,"""2026-09-13T14:16:10.051Z""","""2026-09-13T15:15:52.025Z""",xnryzjblkoon,546fb32f-3e88-4504-9d23-f8c090b7f925
00000000-0000-0000-0000-000000000000,1542,3umn4bshqqdz,ea0ba87c-f14e-45b4-9757-c79e1f830f3b,true,"""2026-09-19T15:02:23.774Z""","""2026-09-20T14:59:42.119Z""",jyhzasghbs63,8e190bb6-eed5-48e8-9c0a-0f6578ada5f8
00000000-0000-0000-0000-000000000000,303,jgz255zt7tjq,a2afd759-1f92-4b05-a3f3-489290dcf6a7,true,"""2026-09-02T12:26:39.820Z""","""2026-09-03T04:51:48.361Z""",342bq25fbkgf,d93aec45-6b5d-4ec9-a234-bd3141b5ff70
00000000-0000-0000-0000-000000000000,1334,tp7i4ay3dsai,ea0ba87c-f14e-45b4-9757-c79e1f830f3b,true,"""2026-09-16T11:02:46.169Z""","""2026-09-16T12:01:17.764Z""",7pzugudcf6xa,546fb32f-3e88-4504-9d23-f8c090b7f925
00000000-0000-0000-0000-000000000000,698,ux6ia4g7gwll,a2afd759-1f92-4b05-a3f3-489290dcf6a7,true,"""2026-09-07T06:29:30.514Z""","""2026-09-07T08:23:20.633Z""",n552vygos3ft,d93aec45-6b5d-4ec9-a234-bd3141b5ff70
00000000-0000-0000-0000-000000000000,1503,zyiecgpl55v7,a2afd759-1f92-4b05-a3f3-489290dcf6a7,true,"""2026-09-19T07:30:39.063Z""","""2026-09-19T13:23:37.697Z""",fkge7l3geq6d,c0f6b926-7071-4185-bcd8-85f21ab98a61
00000000-0000-0000-0000-000000000000,1524,umrq4i4d2ux6,4d7fdece-0cd7-40c4-b771-f0d8315ddd76,true,"""2026-09-19T12:17:40.842Z""","""2026-09-19T13:40:34.782Z""",jrhpobh5ucq5,6c31883f-d56d-4228-8a1d-7d6b70719e31
00000000-0000-0000-0000-000000000000,1596,qx3tdfkzo3hn,a2afd759-1f92-4b05-a3f3-489290dcf6a7,true,"""2026-09-20T13:08:54.512Z""","""2026-09-21T03:17:39.367Z""",qwl5vgh5y5tu,b17c9755-830a-4d02-9733-d16da3da41d2
00000000-0000-0000-0000-000000000000,674,ckzlhe5e6uif,a2afd759-1f92-4b05-a3f3-489290dcf6a7,true,"""2026-09-07T01:26:37.335Z""","""2026-09-07T05:29:59.748Z""",zclshtqpzrvh,d93aec45-6b5d-4ec9-a234-bd3141b5ff70
00000000-0000-0000-0000-000000000000,875,bpj3mfqd2xio,a2afd759-1f92-4b05-a3f3-489290dcf6a7,true,"""2026-09-09T09:16:03.796Z""","""2026-09-09T10:22:45.812Z""",fifmejqrlgil,d93aec45-6b5d-4ec9-a234-bd3141b5ff70
00000000-0000-0000-0000-000000000000,1359,pnxanmx7khig,ea0ba87c-f14e-45b4-9757-c79e1f830f3b,true,"""2026-09-17T02:57:56.270Z""","""2026-09-17T05:01:31.987Z""",7ocowqohqscb,546fb32f-3e88-4504-9d23-f8c090b7f925
00000000-0000-0000-0000-000000000000,700,l7o7cpbne666,a2afd759-1f92-4b05-a3f3-489290dcf6a7,true,"""2026-09-07T06:30:00.256Z""","""2026-09-07T12:02:44.430Z""",,84636de1-d54a-4615-abbc-21be7b4f3c9d
00000000-0000-0000-0000-000000000000,1343,khkfexkifrqu,a2afd759-1f92-4b05-a3f3-489290dcf6a7,true,"""2026-09-16T12:51:16.824Z""","""2026-09-17T07:07:45.820Z""",ms5idj5j4l5j,b17c9755-830a-4d02-9733-d16da3da41d2
00000000-0000-0000-0000-000000000000,1619,xi4eetrqa3dy,ea0ba87c-f14e-45b4-9757-c79e1f830f3b,true,"""2026-09-21T05:49:54.520Z""","""2026-09-21T07:49:05.222Z""",nam7amvkcynh,546fb32f-3e88-4504-9d23-f8c090b7f925
00000000-0000-0000-0000-000000000000,1375,lbfymovahijp,4d7fdece-0cd7-40c4-b771-f0d8315ddd76,true,"""2026-09-17T07:30:41.576Z""","""2026-09-17T08:36:45.484Z""",73ydowpnbn3c,6c31883f-d56d-4228-8a1d-7d6b70719e31
00000000-0000-0000-0000-000000000000,320,2hj2k3worc2t,a2afd759-1f92-4b05-a3f3-489290dcf6a7,true,"""2026-09-03T04:51:48.374Z""","""2026-09-03T10:16:52.606Z""",jgz255zt7tjq,d93aec45-6b5d-4ec9-a234-bd3141b5ff70
00000000-0000-0000-0000-000000000000,1628,brcxshkmhgm6,669769f1-0d1d-47c2-9ce3-e18dacaccbc3,true,"""2026-09-21T07:30:57.304Z""","""2026-09-21T08:43:59.647Z""",llc36b63egat,9d90c5a6-fd51-4379-8156-1b26ad0439fc
00000000-0000-0000-0000-000000000000,1606,nvwstoens24u,ea0ba87c-f14e-45b4-9757-c79e1f830f3b,true,"""2026-09-20T14:59:42.133Z""","""2026-09-21T09:03:33.527Z""",3umn4bshqqdz,8e190bb6-eed5-48e8-9c0a-0f6578ada5f8
00000000-0000-0000-0000-000000000000,1638,xv6wrtctmlxm,4d7fdece-0cd7-40c4-b771-f0d8315ddd76,true,"""2026-09-21T09:35:31.774Z""","""2026-09-21T10:35:45.035Z""",rgmmsfdz6jzy,6c31883f-d56d-4228-8a1d-7d6b70719e31
00000000-0000-0000-0000-000000000000,348,mu2nnukhisep,a2afd759-1f92-4b05-a3f3-489290dcf6a7,true,"""2026-09-03T11:15:18.437Z""","""2026-09-03T12:24:43.310Z""",ahysweczjufz,d93aec45-6b5d-4ec9-a234-bd3141b5ff70
00000000-0000-0000-0000-000000000000,1031,xcvb2ol2kdws,ea0ba87c-f14e-45b4-9757-c79e1f830f3b,true,"""2026-09-11T12:52:58.977Z""","""2026-09-11T14:07:47.350Z""",kwmcvwkjio45,546fb32f-3e88-4504-9d23-f8c090b7f925
00000000-0000-0000-0000-000000000000,1009,2g64ndgc5ccj,a2afd759-1f92-4b05-a3f3-489290dcf6a7,true,"""2026-09-11T10:13:59.678Z""","""2026-09-11T11:21:34.734Z""",63ku5lwz5hpx,d93aec45-6b5d-4ec9-a234-bd3141b5ff70
00000000-0000-0000-0000-000000000000,487,5yt4asqaw6q2,a2afd759-1f92-4b05-a3f3-489290dcf6a7,true,"""2026-09-05T08:07:48.649Z""","""2026-09-05T09:06:30.767Z""",etnfpo2om4cj,d93aec45-6b5d-4ec9-a234-bd3141b5ff70
00000000-0000-0000-0000-000000000000,1261,ojpomxnu4ap4,a2afd759-1f92-4b05-a3f3-489290dcf6a7,true,"""2026-09-15T06:23:59.402Z""","""2026-09-15T08:05:56.849Z""",wofhgzlw4qbs,b17c9755-830a-4d02-9733-d16da3da41d2
00000000-0000-0000-0000-000000000000,1654,c5rpbg73louc,ea0ba87c-f14e-45b4-9757-c79e1f830f3b,true,"""2026-09-21T12:39:40.254Z""","""2026-09-21T15:17:01.001Z""",gvuomu35xm23,8e190bb6-eed5-48e8-9c0a-0f6578ada5f8
00000000-0000-0000-0000-000000000000,1411,qwtcnek3nl6q,ea0ba87c-f14e-45b4-9757-c79e1f830f3b,true,"""2026-09-17T14:08:13.155Z""","""2026-09-18T14:57:24.276Z""",ib5wjdt2bzc3,8e190bb6-eed5-48e8-9c0a-0f6578ada5f8
00000000-0000-0000-0000-000000000000,465,4hfadjs7hv3w,a2afd759-1f92-4b05-a3f3-489290dcf6a7,true,"""2026-09-05T03:05:44.604Z""","""2026-09-05T04:05:08.204Z""",5wnoylbeswqc,d93aec45-6b5d-4ec9-a234-bd3141b5ff70
00000000-0000-0000-0000-000000000000,1385,22ohi3pblfar,ea0ba87c-f14e-45b4-9757-c79e1f830f3b,true,"""2026-09-17T09:45:39.777Z""","""2026-09-17T10:45:37.882Z""",mfbolsxvdypx,546fb32f-3e88-4504-9d23-f8c090b7f925
00000000-0000-0000-0000-000000000000,472,nke4ui2ci7lj,a2afd759-1f92-4b05-a3f3-489290dcf6a7,true,"""2026-09-05T04:05:08.215Z""","""2026-09-05T05:32:45.800Z""",4hfadjs7hv3w,d93aec45-6b5d-4ec9-a234-bd3141b5ff70
00000000-0000-0000-0000-000000000000,1051,wypl3doky6pf,ea0ba87c-f14e-45b4-9757-c79e1f830f3b,true,"""2026-09-11T15:06:01.427Z""","""2026-09-12T05:59:40.973Z""",hn7uvpcjjpt3,546fb32f-3e88-4504-9d23-f8c090b7f925
00000000-0000-0000-0000-000000000000,1271,ni7aomidwob6,ea0ba87c-f14e-45b4-9757-c79e1f830f3b,true,"""2026-09-15T08:34:25.346Z""","""2026-09-15T10:03:12.825Z""",w2rhqvxp3wza,546fb32f-3e88-4504-9d23-f8c090b7f925
00000000-0000-0000-0000-000000000000,477,g7dcc75pmvh2,a2afd759-1f92-4b05-a3f3-489290dcf6a7,true,"""2026-09-05T05:32:45.808Z""","""2026-09-05T06:31:48.158Z""",nke4ui2ci7lj,d93aec45-6b5d-4ec9-a234-bd3141b5ff70
00000000-0000-0000-0000-000000000000,1674,x4plon5rauvo,ea0ba87c-f14e-45b4-9757-c79e1f830f3b,true,"""2026-09-22T02:48:47.954Z""","""2026-09-22T15:09:39.467Z""",5nrtfjazo5ji,8e190bb6-eed5-48e8-9c0a-0f6578ada5f8
00000000-0000-0000-0000-000000000000,1115,qmhfflnrx43a,200fe6c5-594e-4ab1-8172-51188af8df8e,true,"""2026-09-12T13:12:28.813Z""","""2026-09-13T07:05:26.786Z""",nrpqvr6zcjkh,aa262dbb-d73e-4a43-9f2c-65f88f2cd750
00000000-0000-0000-0000-000000000000,1092,w2q4xq4scb2d,200fe6c5-594e-4ab1-8172-51188af8df8e,true,"""2026-09-12T10:15:24.427Z""","""2026-09-12T11:14:25.628Z""",enq3aps7mwks,aa262dbb-d73e-4a43-9f2c-65f88f2cd750
00000000-0000-0000-0000-000000000000,1554,e3nuwj4d5lie,669769f1-0d1d-47c2-9ce3-e18dacaccbc3,true,"""2026-09-20T05:51:45.110Z""","""2026-09-20T07:02:12.486Z""",odmrocgskqlp,9d90c5a6-fd51-4379-8156-1b26ad0439fc
00000000-0000-0000-0000-000000000000,1280,aqydylukhbft,4d7fdece-0cd7-40c4-b771-f0d8315ddd76,true,"""2026-09-15T10:07:31.928Z""","""2026-09-15T11:11:29.059Z""",gl5kpztfjabh,6c31883f-d56d-4228-8a1d-7d6b70719e31
00000000-0000-0000-0000-000000000000,1148,rhwaxvkanogy,ea0ba87c-f14e-45b4-9757-c79e1f830f3b,true,"""2026-09-13T07:57:42.658Z""","""2026-09-13T09:43:30.159Z""",ksdon32ijopw,546fb32f-3e88-4504-9d23-f8c090b7f925
00000000-0000-0000-0000-000000000000,584,3dfoixcfolja,a2afd759-1f92-4b05-a3f3-489290dcf6a7,true,"""2026-09-06T04:01:05.800Z""","""2026-09-06T05:27:06.938Z""",6tgz5letsywr,d93aec45-6b5d-4ec9-a234-bd3141b5ff70
00000000-0000-0000-0000-000000000000,1667,5nrtfjazo5ji,ea0ba87c-f14e-45b4-9757-c79e1f830f3b,true,"""2026-09-21T15:17:01.019Z""","""2026-09-22T02:48:47.940Z""",c5rpbg73louc,8e190bb6-eed5-48e8-9c0a-0f6578ada5f8
00000000-0000-0000-0000-000000000000,1743,ksgydfyfyudq,669769f1-0d1d-47c2-9ce3-e18dacaccbc3,true,"""2026-09-23T05:08:19.727Z""","""2026-09-23T06:16:07.374Z""",uwlukwlhovuf,9d90c5a6-fd51-4379-8156-1b26ad0439fc
00000000-0000-0000-0000-000000000000,1564,sqpiq4dizwb6,a2afd759-1f92-4b05-a3f3-489290dcf6a7,true,"""2026-09-20T07:40:53.824Z""","""2026-09-20T09:00:55.268Z""",srpkhtsqaybh,b17c9755-830a-4d02-9733-d16da3da41d2
00000000-0000-0000-0000-000000000000,1472,3mlrq264vhxd,8c99ef63-96b0-442c-b9d0-aad6edbc5854,true,"""2026-09-18T12:45:38.753Z""","""2026-09-19T09:22:59.593Z""",,ac5ea5a9-2413-4dcf-b50e-127c07bad614
00000000-0000-0000-0000-000000000000,1157,lzlsd3t3yk2j,ea0ba87c-f14e-45b4-9757-c79e1f830f3b,true,"""2026-09-13T09:46:18.960Z""","""2026-09-13T13:33:45.029Z""",jqxgfdeoqlyv,8e190bb6-eed5-48e8-9c0a-0f6578ada5f8
00000000-0000-0000-0000-000000000000,1574,motl4cpmkvwu,669769f1-0d1d-47c2-9ce3-e18dacaccbc3,true,"""2026-09-20T09:25:35.794Z""","""2026-09-20T10:36:36.110Z""",bexofdcqspm3,9d90c5a6-fd51-4379-8156-1b26ad0439fc
00000000-0000-0000-0000-000000000000,1515,ksriqywjurjo,ea0ba87c-f14e-45b4-9757-c79e1f830f3b,true,"""2026-09-19T10:33:28.322Z""","""2026-09-19T11:39:26.191Z""",42ephcbpk2uy,546fb32f-3e88-4504-9d23-f8c090b7f925
00000000-0000-0000-0000-000000000000,1238,s6zpq2235orr,ea0ba87c-f14e-45b4-9757-c79e1f830f3b,true,"""2026-09-14T13:41:25.977Z""","""2026-09-14T14:43:27.092Z""",aypxurrxwh2s,546fb32f-3e88-4504-9d23-f8c090b7f925
00000000-0000-0000-0000-000000000000,1732,7d65bbnkqnae,200fe6c5-594e-4ab1-8172-51188af8df8e,true,"""2026-09-22T14:09:28.219Z""","""2026-09-23T07:08:04.381Z""",surpsnjdognu,76095e30-8cd9-42e3-9791-323fbdb48c4a
00000000-0000-0000-0000-000000000000,1525,gfbebdd4qwdz,ea0ba87c-f14e-45b4-9757-c79e1f830f3b,true,"""2026-09-19T12:37:51.852Z""","""2026-09-19T13:36:12.426Z""",o7urptuilppr,546fb32f-3e88-4504-9d23-f8c090b7f925
00000000-0000-0000-0000-000000000000,1586,uww2ld4srlr2,ea0ba87c-f14e-45b4-9757-c79e1f830f3b,true,"""2026-09-20T11:50:33.901Z""","""2026-09-20T12:49:51.721Z""",7bvgqo7fejre,546fb32f-3e88-4504-9d23-f8c090b7f925
00000000-0000-0000-0000-000000000000,1648,2izv45if7tep,8c99ef63-96b0-442c-b9d0-aad6edbc5854,true,"""2026-09-21T11:46:31.646Z""","""2026-09-22T03:15:32.110Z""",4dqo3yefkfpi,ac5ea5a9-2413-4dcf-b50e-127c07bad614
00000000-0000-0000-0000-000000000000,1752,ojx5tgvwpn47,200fe6c5-594e-4ab1-8172-51188af8df8e,true,"""2026-09-23T07:08:04.388Z""","""2026-09-23T08:06:34.546Z""",7d65bbnkqnae,76095e30-8cd9-42e3-9791-323fbdb48c4a
00000000-0000-0000-0000-000000000000,1419,rbpqwmnw5rxq,4d7fdece-0cd7-40c4-b771-f0d8315ddd76,true,"""2026-09-18T02:57:16.432Z""","""2026-09-18T04:30:40.401Z""",2yrom4ctt76l,6c31883f-d56d-4228-8a1d-7d6b70719e31
00000000-0000-0000-0000-000000000000,1327,cawuqbhgoru4,4d7fdece-0cd7-40c4-b771-f0d8315ddd76,true,"""2026-09-16T09:41:59.688Z""","""2026-09-16T10:45:12.639Z""",2ayhqqbesu7z,6c31883f-d56d-4228-8a1d-7d6b70719e31
00000000-0000-0000-0000-000000000000,1675,db5rhannhsyw,ea0ba87c-f14e-45b4-9757-c79e1f830f3b,true,"""2026-09-22T02:49:48.262Z""","""2026-09-22T05:17:08.966Z""",mcnq2tdjacjs,546fb32f-3e88-4504-9d23-f8c090b7f925
00000000-0000-0000-0000-000000000000,1335,ms5idj5j4l5j,a2afd759-1f92-4b05-a3f3-489290dcf6a7,true,"""2026-09-16T11:34:09.020Z""","""2026-09-16T12:51:16.813Z""",a5pxxcxdsb4h,b17c9755-830a-4d02-9733-d16da3da41d2
00000000-0000-0000-0000-000000000000,1682,jyazofdbkqwl,8c99ef63-96b0-442c-b9d0-aad6edbc5854,true,"""2026-09-22T04:37:11.482Z""","""2026-09-22T06:00:17.747Z""",yuj3x5z4lhg3,ac5ea5a9-2413-4dcf-b50e-127c07bad614
00000000-0000-0000-0000-000000000000,1344,t3q3boazxcee,4d7fdece-0cd7-40c4-b771-f0d8315ddd76,true,"""2026-09-16T13:06:44.356Z""","""2026-09-16T14:17:00.926Z""",hajgsv5hn46x,6c31883f-d56d-4228-8a1d-7d6b70719e31
00000000-0000-0000-0000-000000000000,1607,gllj3mfg7sd5,669769f1-0d1d-47c2-9ce3-e18dacaccbc3,true,"""2026-09-21T03:02:50.439Z""","""2026-09-21T04:02:16.960Z""",lneoiqjyys6k,9d90c5a6-fd51-4379-8156-1b26ad0439fc
00000000-0000-0000-0000-000000000000,1608,si6v4a6qnjx2,4d7fdece-0cd7-40c4-b771-f0d8315ddd76,true,"""2026-09-21T03:03:23.582Z""","""2026-09-21T04:03:13.373Z""",kqxaeiytxg7j,6c31883f-d56d-4228-8a1d-7d6b70719e31
00000000-0000-0000-0000-000000000000,1620,5ldea5sfxvfx,a2afd759-1f92-4b05-a3f3-489290dcf6a7,true,"""2026-09-21T06:08:21.434Z""","""2026-09-21T07:10:20.240Z""",6gt4lgiesjvi,b17c9755-830a-4d02-9733-d16da3da41d2
00000000-0000-0000-0000-000000000000,1761,mi3do63vbm4k,200fe6c5-594e-4ab1-8172-51188af8df8e,true,"""2026-09-23T09:15:32.828Z""","""2026-09-23T10:36:40.351Z""",m2rzmsfrtdwu,76095e30-8cd9-42e3-9791-323fbdb48c4a
00000000-0000-0000-0000-000000000000,1629,ucp5t2dhy3sk,8c99ef63-96b0-442c-b9d0-aad6edbc5854,true,"""2026-09-21T07:33:57.190Z""","""2026-09-21T09:27:25.771Z""",aeh4rp2v4toa,ac5ea5a9-2413-4dcf-b50e-127c07bad614
00000000-0000-0000-0000-000000000000,717,w5kontkhvcaz,a2afd759-1f92-4b05-a3f3-489290dcf6a7,true,"""2026-09-07T08:23:20.651Z""","""2026-09-07T09:54:57.060Z""",ux6ia4g7gwll,d93aec45-6b5d-4ec9-a234-bd3141b5ff70
00000000-0000-0000-0000-000000000000,1639,3fcixvcub6zd,a2afd759-1f92-4b05-a3f3-489290dcf6a7,true,"""2026-09-21T09:40:53.829Z""","""2026-09-21T10:59:50.607Z""",f2t36rqjeize,b17c9755-830a-4d02-9733-d16da3da41d2
00000000-0000-0000-0000-000000000000,1656,nkbn3c5xgcly,4d7fdece-0cd7-40c4-b771-f0d8315ddd76,true,"""2026-09-21T13:12:12.212Z""","""2026-09-21T14:14:16.918Z""",jqxz535latgz,6c31883f-d56d-4228-8a1d-7d6b70719e31
00000000-0000-0000-0000-000000000000,1438,xgfrtlggjbh5,ea0ba87c-f14e-45b4-9757-c79e1f830f3b,true,"""2026-09-18T07:59:04.486Z""","""2026-09-18T08:57:03.690Z""",jerra3uuaga5,546fb32f-3e88-4504-9d23-f8c090b7f925
00000000-0000-0000-0000-000000000000,359,s2ffidcainx7,a2afd759-1f92-4b05-a3f3-489290dcf6a7,true,"""2026-09-03T12:24:43.317Z""","""2026-09-04T05:51:21.240Z""",mu2nnukhisep,d93aec45-6b5d-4ec9-a234-bd3141b5ff70
00000000-0000-0000-0000-000000000000,401,rmpaoscuauqn,a2afd759-1f92-4b05-a3f3-489290dcf6a7,true,"""2026-09-04T05:51:21.247Z""","""2026-09-04T06:53:21.483Z""",s2ffidcainx7,d93aec45-6b5d-4ec9-a234-bd3141b5ff70
00000000-0000-0000-0000-000000000000,406,c6j6jtspsdzk,a2afd759-1f92-4b05-a3f3-489290dcf6a7,true,"""2026-09-04T06:53:21.489Z""","""2026-09-04T09:34:57.356Z""",rmpaoscuauqn,d93aec45-6b5d-4ec9-a234-bd3141b5ff70
00000000-0000-0000-0000-000000000000,1039,yk447ljmcnpk,ea0ba87c-f14e-45b4-9757-c79e1f830f3b,true,"""2026-09-11T13:31:42.502Z""","""2026-09-11T14:30:43.764Z""",,8e190bb6-eed5-48e8-9c0a-0f6578ada5f8
00000000-0000-0000-0000-000000000000,437,i5nq5m6hr7fy,a2afd759-1f92-4b05-a3f3-489290dcf6a7,true,"""2026-09-04T12:20:09.632Z""","""2026-09-04T13:29:24.024Z""",sskoxeyetfyp,d93aec45-6b5d-4ec9-a234-bd3141b5ff70
00000000-0000-0000-0000-000000000000,692,n552vygos3ft,a2afd759-1f92-4b05-a3f3-489290dcf6a7,true,"""2026-09-07T05:29:59.760Z""","""2026-09-07T06:29:30.506Z""",ckzlhe5e6uif,d93aec45-6b5d-4ec9-a234-bd3141b5ff70
00000000-0000-0000-0000-000000000000,1103,zzt5fvmmrxxf,ea0ba87c-f14e-45b4-9757-c79e1f830f3b,true,"""2026-09-12T11:39:24.841Z""","""2026-09-12T12:37:53.729Z""",4yplfrsftptt,546fb32f-3e88-4504-9d23-f8c090b7f925
00000000-0000-0000-0000-000000000000,1177,3ku3pxyaao3z,a2afd759-1f92-4b05-a3f3-489290dcf6a7,true,"""2026-09-13T12:56:52.415Z""","""2026-09-14T07:21:09.893Z""",2zgi7dwegq4l,b17c9755-830a-4d02-9733-d16da3da41d2
00000000-0000-0000-0000-000000000000,1734,ghcomhzloybr,4d7fdece-0cd7-40c4-b771-f0d8315ddd76,true,"""2026-09-22T14:18:01.860Z""","""2026-09-23T03:24:40.426Z""",mc3eiydfbc4t,6c31883f-d56d-4228-8a1d-7d6b70719e31
00000000-0000-0000-0000-000000000000,877,mhtzqymzmitz,a2afd759-1f92-4b05-a3f3-489290dcf6a7,true,"""2026-09-09T10:22:45.822Z""","""2026-09-09T12:04:58.760Z""",bpj3mfqd2xio,d93aec45-6b5d-4ec9-a234-bd3141b5ff70
00000000-0000-0000-0000-000000000000,1733,u227enzz2mfb,a2afd759-1f92-4b05-a3f3-489290dcf6a7,true,"""2026-09-22T14:17:12.038Z""","""2026-09-23T04:33:39.651Z""",czielahuvdvv,b17c9755-830a-4d02-9733-d16da3da41d2
00000000-0000-0000-0000-000000000000,1473,7v4567okwmfq,a2afd759-1f92-4b05-a3f3-489290dcf6a7,true,"""2026-09-18T12:55:38.654Z""","""2026-09-19T07:30:39.935Z""",gcrl33leyx5i,b17c9755-830a-4d02-9733-d16da3da41d2
00000000-0000-0000-0000-000000000000,1137,ksdon32ijopw,ea0ba87c-f14e-45b4-9757-c79e1f830f3b,true,"""2026-09-13T05:48:35.566Z""","""2026-09-13T07:57:42.643Z""",o7ayx53lle4f,546fb32f-3e88-4504-9d23-f8c090b7f925
00000000-0000-0000-0000-000000000000,1744,snczbqvplepv,a2afd759-1f92-4b05-a3f3-489290dcf6a7,true,"""2026-09-23T05:37:21.150Z""","""2026-09-23T06:38:19.584Z""",2z6ymzxaolwr,b17c9755-830a-4d02-9733-d16da3da41d2
00000000-0000-0000-0000-000000000000,1506,dlvxi4oamhbh,ea0ba87c-f14e-45b4-9757-c79e1f830f3b,true,"""2026-09-19T08:32:58.488Z""","""2026-09-19T09:31:03.536Z""",jxuelhhzndaa,546fb32f-3e88-4504-9d23-f8c090b7f925
00000000-0000-0000-0000-000000000000,1516,zbhnvoiaj2ct,a2afd759-1f92-4b05-a3f3-489290dcf6a7,true,"""2026-09-19T10:36:29.983Z""","""2026-09-19T11:45:42.830Z""",kyoh4wy23z54,b17c9755-830a-4d02-9733-d16da3da41d2
00000000-0000-0000-0000-000000000000,1676,yuj3x5z4lhg3,8c99ef63-96b0-442c-b9d0-aad6edbc5854,true,"""2026-09-22T03:15:32.136Z""","""2026-09-22T04:37:11.475Z""",2izv45if7tep,ac5ea5a9-2413-4dcf-b50e-127c07bad614
00000000-0000-0000-0000-000000000000,1281,cf7uu3qsm2ah,a2afd759-1f92-4b05-a3f3-489290dcf6a7,true,"""2026-09-15T10:21:07.559Z""","""2026-09-15T12:22:24.116Z""",znrfixuxzcjl,b17c9755-830a-4d02-9733-d16da3da41d2
00000000-0000-0000-0000-000000000000,478,etnfpo2om4cj,a2afd759-1f92-4b05-a3f3-489290dcf6a7,true,"""2026-09-05T06:31:48.175Z""","""2026-09-05T08:07:48.643Z""",g7dcc75pmvh2,d93aec45-6b5d-4ec9-a234-bd3141b5ff70
00000000-0000-0000-0000-000000000000,1230,aypxurrxwh2s,ea0ba87c-f14e-45b4-9757-c79e1f830f3b,true,"""2026-09-14T11:59:03.021Z""","""2026-09-14T13:41:25.961Z""",mgud6eqwmd5m,546fb32f-3e88-4504-9d23-f8c090b7f925
00000000-0000-0000-0000-000000000000,418,s7fvwcudufuv,a2afd759-1f92-4b05-a3f3-489290dcf6a7,true,"""2026-09-04T09:34:57.364Z""","""2026-09-04T10:39:26.897Z""",c6j6jtspsdzk,d93aec45-6b5d-4ec9-a234-bd3141b5ff70
00000000-0000-0000-0000-000000000000,1762,czhx22hoibq7,abd93692-5d4d-4204-baf6-b4b38443b698,true,"""2026-09-23T09:33:15.826Z""","""2026-09-23T10:31:45.045Z""",krlx3t5c33og,3baed8d7-023b-4013-b15b-8a8560377e39
00000000-0000-0000-0000-000000000000,1302,rije54eqk4sx,4d7fdece-0cd7-40c4-b771-f0d8315ddd76,true,"""2026-09-15T13:41:43.346Z""","""2026-09-15T14:44:06.868Z""",f3xnekg5rmiq,6c31883f-d56d-4228-8a1d-7d6b70719e31
00000000-0000-0000-0000-000000000000,1763,auyapy646e2h,ea0ba87c-f14e-45b4-9757-c79e1f830f3b,true,"""2026-09-23T09:34:01.118Z""","""2026-09-23T11:11:51.657Z""",3q42qzpnhigh,546fb32f-3e88-4504-9d23-f8c090b7f925
00000000-0000-0000-0000-000000000000,640,57slti3eikdk,a2afd759-1f92-4b05-a3f3-489290dcf6a7,true,"""2026-09-06T11:44:27.799Z""","""2026-09-06T13:12:37.230Z""",nvcbtl7rbbyh,d93aec45-6b5d-4ec9-a234-bd3141b5ff70
00000000-0000-0000-0000-000000000000,1753,bsatpa2ixu6p,8c99ef63-96b0-442c-b9d0-aad6edbc5854,true,"""2026-09-23T07:12:44.940Z""","""2026-09-23T12:22:01.438Z""",s4k5uevg5cnw,ac5ea5a9-2413-4dcf-b50e-127c07bad614
00000000-0000-0000-0000-000000000000,1251,xn5raiwmdwde,4d7fdece-0cd7-40c4-b771-f0d8315ddd76,true,"""2026-09-15T02:26:01.598Z""","""2026-09-15T03:57:18.506Z""",bv32m3onfwtp,6c31883f-d56d-4228-8a1d-7d6b70719e31
00000000-0000-0000-0000-000000000000,1034,ofqfbwcnosj5,a2afd759-1f92-4b05-a3f3-489290dcf6a7,true,"""2026-09-11T13:09:52.759Z""","""2026-09-12T07:00:38.031Z""",a6wee375fvrf,b17c9755-830a-4d02-9733-d16da3da41d2
00000000-0000-0000-0000-000000000000,1598,nzmancrkualv,669769f1-0d1d-47c2-9ce3-e18dacaccbc3,true,"""2026-09-20T13:43:54.737Z""","""2026-09-20T14:44:32.706Z""",4xbaq2nhgiir,9d90c5a6-fd51-4379-8156-1b26ad0439fc
00000000-0000-0000-0000-000000000000,1689,43yma64dcx3r,ea0ba87c-f14e-45b4-9757-c79e1f830f3b,true,"""2026-09-22T06:15:18.310Z""","""2026-09-22T07:15:19.310Z""",r36d3h6rgpt6,546fb32f-3e88-4504-9d23-f8c090b7f925
00000000-0000-0000-0000-000000000000,1609,wmijbhmzqf53,ea0ba87c-f14e-45b4-9757-c79e1f830f3b,true,"""2026-09-21T03:08:32.109Z""","""2026-09-21T04:34:21.824Z""",zapbsglzpwdr,546fb32f-3e88-4504-9d23-f8c090b7f925
00000000-0000-0000-0000-000000000000,1037,mh3eo23leaxc,200fe6c5-594e-4ab1-8172-51188af8df8e,true,"""2026-09-11T13:18:00.927Z""","""2026-09-12T07:57:00.159Z""",ypvynhrwnstn,aa262dbb-d73e-4a43-9f2c-65f88f2cd750
00000000-0000-0000-0000-000000000000,1420,bpqbve344dgz,ea0ba87c-f14e-45b4-9757-c79e1f830f3b,true,"""2026-09-18T03:01:09.032Z""","""2026-09-18T04:27:26.116Z""",kn7b3g3r3epi,546fb32f-3e88-4504-9d23-f8c090b7f925
00000000-0000-0000-0000-000000000000,1292,kfckktuegmin,a2afd759-1f92-4b05-a3f3-489290dcf6a7,true,"""2026-09-15T12:22:24.126Z""","""2026-09-16T10:32:28.133Z""",cf7uu3qsm2ah,b17c9755-830a-4d02-9733-d16da3da41d2
00000000-0000-0000-0000-000000000000,1071,2agjerbio2f4,ea0ba87c-f14e-45b4-9757-c79e1f830f3b,true,"""2026-09-12T07:00:34.108Z""","""2026-09-12T09:21:06.771Z""",fiqkrplhq5t3,546fb32f-3e88-4504-9d23-f8c090b7f925
00000000-0000-0000-0000-000000000000,1771,o6o5hd4aowxs,abd93692-5d4d-4204-baf6-b4b38443b698,true,"""2026-09-23T11:29:48.080Z""","""2026-09-23T12:28:17.970Z""",zwl7dkwldnyl,3baed8d7-023b-4013-b15b-8a8560377e39
00000000-0000-0000-0000-000000000000,1621,apprrsfepzsc,4d7fdece-0cd7-40c4-b771-f0d8315ddd76,true,"""2026-09-21T06:13:29.448Z""","""2026-09-21T07:23:00.152Z""",d7o3htidhiqi,6c31883f-d56d-4228-8a1d-7d6b70719e31
00000000-0000-0000-0000-000000000000,1072,l5gme2b2uumt,a2afd759-1f92-4b05-a3f3-489290dcf6a7,true,"""2026-09-12T07:00:38.032Z""","""2026-09-12T10:28:41.405Z""",ofqfbwcnosj5,b17c9755-830a-4d02-9733-d16da3da41d2
00000000-0000-0000-0000-000000000000,427,sskoxeyetfyp,a2afd759-1f92-4b05-a3f3-489290dcf6a7,true,"""2026-09-04T10:39:26.909Z""","""2026-09-04T12:20:09.617Z""",s7fvwcudufuv,d93aec45-6b5d-4ec9-a234-bd3141b5ff70
00000000-0000-0000-0000-000000000000,1630,oyvu53i5wptx,ea0ba87c-f14e-45b4-9757-c79e1f830f3b,true,"""2026-09-21T07:49:05.242Z""","""2026-09-21T09:02:44.928Z""",xi4eetrqa3dy,546fb32f-3e88-4504-9d23-f8c090b7f925
00000000-0000-0000-0000-000000000000,1428,piwba7pr57pl,ea0ba87c-f14e-45b4-9757-c79e1f830f3b,true,"""2026-09-18T06:01:38.001Z""","""2026-09-18T07:00:01.311Z""",slbkeh7mbnqv,546fb32f-3e88-4504-9d23-f8c090b7f925
00000000-0000-0000-0000-000000000000,1695,ndkw4tajdzf6,a2afd759-1f92-4b05-a3f3-489290dcf6a7,true,"""2026-09-22T07:46:27.262Z""","""2026-09-22T08:58:55.979Z""",acmdqr3hrxwo,b17c9755-830a-4d02-9733-d16da3da41d2
00000000-0000-0000-0000-000000000000,652,zclshtqpzrvh,a2afd759-1f92-4b05-a3f3-489290dcf6a7,true,"""2026-09-06T13:12:37.236Z""","""2026-09-07T01:26:37.319Z""",57slti3eikdk,d93aec45-6b5d-4ec9-a234-bd3141b5ff70
00000000-0000-0000-0000-000000000000,1778,emzamuita34y,abd93692-5d4d-4204-baf6-b4b38443b698,true,"""2026-09-23T12:28:17.980Z""","""2026-09-23T13:26:47.135Z""",o6o5hd4aowxs,3baed8d7-023b-4013-b15b-8a8560377e39
00000000-0000-0000-0000-000000000000,1701,7nduzlh7futi,4d7fdece-0cd7-40c4-b771-f0d8315ddd76,true,"""2026-09-22T08:57:56.103Z""","""2026-09-22T10:19:25.712Z""",akqo4diu3ivd,6c31883f-d56d-4228-8a1d-7d6b70719e31
00000000-0000-0000-0000-000000000000,1345,nvgtsr3huh3t,ea0ba87c-f14e-45b4-9757-c79e1f830f3b,true,"""2026-09-16T13:12:03.416Z""","""2026-09-16T14:10:08.922Z""",hpswohx774vx,546fb32f-3e88-4504-9d23-f8c090b7f925
00000000-0000-0000-0000-000000000000,1649,f6ynnaugdhcg,669769f1-0d1d-47c2-9ce3-e18dacaccbc3,true,"""2026-09-21T11:53:40.896Z""","""2026-09-21T13:09:37.458Z""",slschwnsn7lg,9d90c5a6-fd51-4379-8156-1b26ad0439fc
00000000-0000-0000-0000-000000000000,1433,jerra3uuaga5,ea0ba87c-f14e-45b4-9757-c79e1f830f3b,true,"""2026-09-18T07:00:01.335Z""","""2026-09-18T07:59:04.466Z""",piwba7pr57pl,546fb32f-3e88-4504-9d23-f8c090b7f925
00000000-0000-0000-0000-000000000000,1369,ebqengfkjdgh,ea0ba87c-f14e-45b4-9757-c79e1f830f3b,true,"""2026-09-17T06:00:55.431Z""","""2026-09-17T07:03:16.807Z""",dcfrjqed5unb,546fb32f-3e88-4504-9d23-f8c090b7f925
00000000-0000-0000-0000-000000000000,1434,ffoe5d4t3dqh,a2afd759-1f92-4b05-a3f3-489290dcf6a7,true,"""2026-09-18T07:00:12.814Z""","""2026-09-18T08:10:55.874Z""",ydkfhvl6lvt4,b17c9755-830a-4d02-9733-d16da3da41d2
00000000-0000-0000-0000-000000000000,1353,duyiw2w7wwz6,ea0ba87c-f14e-45b4-9757-c79e1f830f3b,true,"""2026-09-16T15:04:36.702Z""","""2026-09-17T08:51:15.486Z""",shvsnl2k4rlw,8e190bb6-eed5-48e8-9c0a-0f6578ada5f8
00000000-0000-0000-0000-000000000000,1657,akctszog3gqe,ea0ba87c-f14e-45b4-9757-c79e1f830f3b,true,"""2026-09-21T13:31:13.849Z""","""2026-09-21T14:34:11.325Z""",ivkthqxhhwev,546fb32f-3e88-4504-9d23-f8c090b7f925
00000000-0000-0000-0000-000000000000,1785,w23c5sphsjmd,ea0ba87c-f14e-45b4-9757-c79e1f830f3b,true,"""2026-09-23T13:46:42.717Z""","""2026-09-23T14:48:48.446Z""",a76tbhrw4w4m,546fb32f-3e88-4504-9d23-f8c090b7f925
00000000-0000-0000-0000-000000000000,1790,ubbd3brbauou,ea0ba87c-f14e-45b4-9757-c79e1f830f3b,true,"""2026-09-23T14:48:48.460Z""","""2026-09-24T02:59:31.226Z""",w23c5sphsjmd,546fb32f-3e88-4504-9d23-f8c090b7f925
00000000-0000-0000-0000-000000000000,1658,pjpgap7vqwix,a2afd759-1f92-4b05-a3f3-489290dcf6a7,true,"""2026-09-21T13:44:55.327Z""","""2026-09-22T13:11:22.352Z""",b7fxtemk6x2s,c0f6b926-7071-4185-bcd8-85f21ab98a61
00000000-0000-0000-0000-000000000000,1094,ws3r5qtncwuf,a2afd759-1f92-4b05-a3f3-489290dcf6a7,true,"""2026-09-12T10:28:41.415Z""","""2026-09-12T13:00:01.596Z""",l5gme2b2uumt,b17c9755-830a-4d02-9733-d16da3da41d2
00000000-0000-0000-0000-000000000000,1724,7xdugdo3xiqv,ea0ba87c-f14e-45b4-9757-c79e1f830f3b,true,"""2026-09-22T12:55:47.838Z""","""2026-09-22T13:56:39.431Z""",hqjmpsgrxhmz,546fb32f-3e88-4504-9d23-f8c090b7f925
00000000-0000-0000-0000-000000000000,1474,ukgphoi7kymm,4d7fdece-0cd7-40c4-b771-f0d8315ddd76,true,"""2026-09-18T13:05:58.677Z""","""2026-09-18T14:38:30.352Z""",xv7z2wp2ayi2,6c31883f-d56d-4228-8a1d-7d6b70719e31
00000000-0000-0000-0000-000000000000,1013,jd4yomc5lped,ea0ba87c-f14e-45b4-9757-c79e1f830f3b,true,"""2026-09-11T10:49:26.626Z""","""2026-09-11T11:54:45.800Z""",fwni6epy2kgz,546fb32f-3e88-4504-9d23-f8c090b7f925
00000000-0000-0000-0000-000000000000,1545,wrn2jntxxj2x,669769f1-0d1d-47c2-9ce3-e18dacaccbc3,true,"""2026-09-20T03:15:45.151Z""","""2026-09-20T04:49:40.449Z""",yz4s66rjqzvs,9d90c5a6-fd51-4379-8156-1b26ad0439fc
00000000-0000-0000-0000-000000000000,1890,gxad3n7vnr5p,ea0ba87c-f14e-45b4-9757-c79e1f830f3b,true,"""2026-09-25T11:05:36.507Z""","""2026-09-25T12:27:41.249Z""",ksawhyeetwg5,546fb32f-3e88-4504-9d23-f8c090b7f925
00000000-0000-0000-0000-000000000000,1659,mectse6jpcoh,a2afd759-1f92-4b05-a3f3-489290dcf6a7,true,"""2026-09-21T13:44:58.102Z""","""2026-09-22T03:19:26.329Z""",mpjmv7rm4req,b17c9755-830a-4d02-9733-d16da3da41d2
00000000-0000-0000-0000-000000000000,838,wcmxhztg4rgm,a2afd759-1f92-4b05-a3f3-489290dcf6a7,true,"""2026-09-08T13:24:03.097Z""","""2026-09-09T05:59:58.530Z""",ngdhbnmisdyf,d93aec45-6b5d-4ec9-a234-bd3141b5ff70
00000000-0000-0000-0000-000000000000,1507,kyoh4wy23z54,a2afd759-1f92-4b05-a3f3-489290dcf6a7,true,"""2026-09-19T08:36:13.464Z""","""2026-09-19T10:36:29.977Z""",odjsbcwb6hj4,b17c9755-830a-4d02-9733-d16da3da41d2
00000000-0000-0000-0000-000000000000,1745,zp4acosqu7wc,abd93692-5d4d-4204-baf6-b4b38443b698,true,"""2026-09-23T05:39:58.282Z""","""2026-09-23T06:50:02.384Z""",y46ngr4cb6vf,f2441d4c-4874-48a3-8351-7f36ce0b956b
00000000-0000-0000-0000-000000000000,936,yrehdszlosui,a2afd759-1f92-4b05-a3f3-489290dcf6a7,true,"""2026-09-10T09:53:49.577Z""","""2026-09-10T11:00:04.795Z""",ngfyvnssrnzx,d93aec45-6b5d-4ec9-a234-bd3141b5ff70
00000000-0000-0000-0000-000000000000,862,fifmejqrlgil,a2afd759-1f92-4b05-a3f3-489290dcf6a7,true,"""2026-09-09T05:59:58.552Z""","""2026-09-09T09:16:03.784Z""",wcmxhztg4rgm,d93aec45-6b5d-4ec9-a234-bd3141b5ff70
00000000-0000-0000-0000-000000000000,1735,iroy5oi4nwcj,ea0ba87c-f14e-45b4-9757-c79e1f830f3b,true,"""2026-09-22T14:55:04.759Z""","""2026-09-23T07:05:23.722Z""",a4jbepynfjz4,546fb32f-3e88-4504-9d23-f8c090b7f925
00000000-0000-0000-0000-000000000000,726,sijvizerqawz,a2afd759-1f92-4b05-a3f3-489290dcf6a7,true,"""2026-09-07T09:54:57.070Z""","""2026-09-07T11:16:36.725Z""",w5kontkhvcaz,d93aec45-6b5d-4ec9-a234-bd3141b5ff70
00000000-0000-0000-0000-000000000000,1293,f3xnekg5rmiq,4d7fdece-0cd7-40c4-b771-f0d8315ddd76,true,"""2026-09-15T12:33:23.073Z""","""2026-09-15T13:41:43.336Z""",3ghj6ef3orv2,6c31883f-d56d-4228-8a1d-7d6b70719e31
00000000-0000-0000-0000-000000000000,1528,ofygmuhbuqzq,8c99ef63-96b0-442c-b9d0-aad6edbc5854,true,"""2026-09-19T12:44:00.329Z""","""2026-09-20T09:16:33.170Z""",7dalupxgqye2,ac5ea5a9-2413-4dcf-b50e-127c07bad614
00000000-0000-0000-0000-000000000000,1566,bexofdcqspm3,669769f1-0d1d-47c2-9ce3-e18dacaccbc3,true,"""2026-09-20T08:15:29.691Z""","""2026-09-20T09:25:35.782Z""",aseteryff3p2,9d90c5a6-fd51-4379-8156-1b26ad0439fc
00000000-0000-0000-0000-000000000000,1677,5wtcealg63c4,a2afd759-1f92-4b05-a3f3-489290dcf6a7,true,"""2026-09-22T03:19:26.336Z""","""2026-09-22T04:33:45.626Z""",mectse6jpcoh,b17c9755-830a-4d02-9733-d16da3da41d2
00000000-0000-0000-0000-000000000000,1754,orzhjaxhyl2a,669769f1-0d1d-47c2-9ce3-e18dacaccbc3,true,"""2026-09-23T07:14:30.171Z""","""2026-09-23T08:18:55.713Z""",5ljslpnabq7p,9d90c5a6-fd51-4379-8156-1b26ad0439fc
00000000-0000-0000-0000-000000000000,1159,y726nkjc6vrq,a2afd759-1f92-4b05-a3f3-489290dcf6a7,true,"""2026-09-13T10:03:55.649Z""","""2026-09-13T11:02:39.233Z""",46imbg5rqqdf,b17c9755-830a-4d02-9733-d16da3da41d2
00000000-0000-0000-0000-000000000000,1577,bcpgp7cvzg4i,ea0ba87c-f14e-45b4-9757-c79e1f830f3b,true,"""2026-09-20T09:39:12.027Z""","""2026-09-20T10:45:58.569Z""",ghbfvyfozwsh,546fb32f-3e88-4504-9d23-f8c090b7f925
00000000-0000-0000-0000-000000000000,1576,5jszcrx7jrtx,4d7fdece-0cd7-40c4-b771-f0d8315ddd76,true,"""2026-09-20T09:38:52.711Z""","""2026-09-20T10:53:28.049Z""",dtt7yzutjlwb,6c31883f-d56d-4228-8a1d-7d6b70719e31
00000000-0000-0000-0000-000000000000,1684,r36d3h6rgpt6,ea0ba87c-f14e-45b4-9757-c79e1f830f3b,true,"""2026-09-22T05:17:08.987Z""","""2026-09-22T06:15:18.292Z""",db5rhannhsyw,546fb32f-3e88-4504-9d23-f8c090b7f925
00000000-0000-0000-0000-000000000000,1178,xnryzjblkoon,ea0ba87c-f14e-45b4-9757-c79e1f830f3b,true,"""2026-09-13T13:02:02.952Z""","""2026-09-13T14:16:10.050Z""",ot2zkgzjdr7b,546fb32f-3e88-4504-9d23-f8c090b7f925
00000000-0000-0000-0000-000000000000,1588,quxqqrnagy25,4d7fdece-0cd7-40c4-b771-f0d8315ddd76,true,"""2026-09-20T11:54:09.076Z""","""2026-09-20T12:57:31.642Z""",eb65n6vw75nt,6c31883f-d56d-4228-8a1d-7d6b70719e31
00000000-0000-0000-0000-000000000000,738,ez55fz7b6tw4,a2afd759-1f92-4b05-a3f3-489290dcf6a7,true,"""2026-09-07T11:16:36.733Z""","""2026-09-07T12:18:00.830Z""",sijvizerqawz,d93aec45-6b5d-4ec9-a234-bd3141b5ff70
00000000-0000-0000-0000-000000000000,1690,acmdqr3hrxwo,a2afd759-1f92-4b05-a3f3-489290dcf6a7,true,"""2026-09-22T06:47:29.348Z""","""2026-09-22T07:46:27.247Z""",saksjvdb37c5,b17c9755-830a-4d02-9733-d16da3da41d2
00000000-0000-0000-0000-000000000000,1610,e5nk436vysjk,a2afd759-1f92-4b05-a3f3-489290dcf6a7,true,"""2026-09-21T03:17:39.377Z""","""2026-09-21T04:42:08.606Z""",qx3tdfkzo3hn,b17c9755-830a-4d02-9733-d16da3da41d2
00000000-0000-0000-0000-000000000000,1764,lkbyvqrup5o3,a2afd759-1f92-4b05-a3f3-489290dcf6a7,true,"""2026-09-23T09:46:54.262Z""","""2026-09-23T12:06:13.391Z""",hfreqbml7ise,b17c9755-830a-4d02-9733-d16da3da41d2
00000000-0000-0000-0000-000000000000,1413,kn7b3g3r3epi,ea0ba87c-f14e-45b4-9757-c79e1f830f3b,true,"""2026-09-17T14:19:36.286Z""","""2026-09-18T03:01:09.025Z""",kwng4zjh26ge,546fb32f-3e88-4504-9d23-f8c090b7f925
00000000-0000-0000-0000-000000000000,1338,hajgsv5hn46x,4d7fdece-0cd7-40c4-b771-f0d8315ddd76,true,"""2026-09-16T11:49:18.246Z""","""2026-09-16T13:06:44.339Z""",ofkgdx6waomg,6c31883f-d56d-4228-8a1d-7d6b70719e31
00000000-0000-0000-0000-000000000000,1696,akqo4diu3ivd,4d7fdece-0cd7-40c4-b771-f0d8315ddd76,true,"""2026-09-22T07:54:30.413Z""","""2026-09-22T08:57:56.086Z""",2bimhpueghyk,6c31883f-d56d-4228-8a1d-7d6b70719e31
00000000-0000-0000-0000-000000000000,1772,njiniuvgdsqz,669769f1-0d1d-47c2-9ce3-e18dacaccbc3,true,"""2026-09-23T11:31:47.440Z""","""2026-09-23T12:58:31.642Z""",ajfs3c3ns7kh,9d90c5a6-fd51-4379-8156-1b26ad0439fc
00000000-0000-0000-0000-000000000000,1641,gyp4xdr7odcf,ea0ba87c-f14e-45b4-9757-c79e1f830f3b,true,"""2026-09-21T10:11:25.810Z""","""2026-09-21T11:19:10.917Z""",ik6db7zjkreg,546fb32f-3e88-4504-9d23-f8c090b7f925
00000000-0000-0000-0000-000000000000,1779,fwi4p2ncfuei,200fe6c5-594e-4ab1-8172-51188af8df8e,true,"""2026-09-23T12:35:38.115Z""","""2026-09-23T13:33:51.059Z""",njrux2bgmfto,76095e30-8cd9-42e3-9791-323fbdb48c4a
00000000-0000-0000-0000-000000000000,1650,jqxz535latgz,4d7fdece-0cd7-40c4-b771-f0d8315ddd76,true,"""2026-09-21T12:12:43.517Z""","""2026-09-21T13:12:12.207Z""",3gisjepmtgkv,6c31883f-d56d-4228-8a1d-7d6b70719e31
00000000-0000-0000-0000-000000000000,1631,b7fxtemk6x2s,a2afd759-1f92-4b05-a3f3-489290dcf6a7,true,"""2026-09-21T08:02:52.181Z""","""2026-09-21T13:44:55.313Z""",vb6uottnabne,c0f6b926-7071-4185-bcd8-85f21ab98a61
00000000-0000-0000-0000-000000000000,1403,ydkfhvl6lvt4,a2afd759-1f92-4b05-a3f3-489290dcf6a7,true,"""2026-09-17T13:05:36.094Z""","""2026-09-18T07:00:12.814Z""",jw3jelmcuo5u,b17c9755-830a-4d02-9733-d16da3da41d2
00000000-0000-0000-0000-000000000000,1379,mfbolsxvdypx,ea0ba87c-f14e-45b4-9757-c79e1f830f3b,true,"""2026-09-17T08:34:10.778Z""","""2026-09-17T09:45:39.759Z""",vl6wgplcbjyq,546fb32f-3e88-4504-9d23-f8c090b7f925
00000000-0000-0000-0000-000000000000,1786,yf4jnxvyf6fc,669769f1-0d1d-47c2-9ce3-e18dacaccbc3,true,"""2026-09-23T14:08:42.676Z""","""2026-09-24T04:16:49.035Z""",g7pflibexydk,9d90c5a6-fd51-4379-8156-1b26ad0439fc
00000000-0000-0000-0000-000000000000,1702,x42bcxlohxuz,a2afd759-1f92-4b05-a3f3-489290dcf6a7,true,"""2026-09-22T08:58:55.985Z""","""2026-09-22T10:32:52.814Z""",ndkw4tajdzf6,b17c9755-830a-4d02-9733-d16da3da41d2
00000000-0000-0000-0000-000000000000,1707,4hdhauh6jfxd,abd93692-5d4d-4204-baf6-b4b38443b698,true,"""2026-09-22T09:52:10.350Z""","""2026-09-22T10:51:13.602Z""",,f2441d4c-4874-48a3-8351-7f36ce0b956b
00000000-0000-0000-0000-000000000000,1711,7eub3nukkxvu,ea0ba87c-f14e-45b4-9757-c79e1f830f3b,true,"""2026-09-22T10:34:22.366Z""","""2026-09-22T11:51:43.282Z""",hzq4ql2a57ur,546fb32f-3e88-4504-9d23-f8c090b7f925
00000000-0000-0000-0000-000000000000,746,lywo3mxqr4ap,a2afd759-1f92-4b05-a3f3-489290dcf6a7,true,"""2026-09-07T12:18:00.843Z""","""2026-09-07T14:10:48.911Z""",ez55fz7b6tw4,d93aec45-6b5d-4ec9-a234-bd3141b5ff70
00000000-0000-0000-0000-000000000000,1443,al4qj5ax4bdh,ea0ba87c-f14e-45b4-9757-c79e1f830f3b,true,"""2026-09-18T08:57:03.698Z""","""2026-09-18T10:03:49.109Z""",xgfrtlggjbh5,546fb32f-3e88-4504-9d23-f8c090b7f925
00000000-0000-0000-0000-000000000000,1720,e3a7kajacr7z,200fe6c5-594e-4ab1-8172-51188af8df8e,true,"""2026-09-22T11:59:03.742Z""","""2026-09-22T13:01:06.351Z""",obdwufaycgii,76095e30-8cd9-42e3-9791-323fbdb48c4a
00000000-0000-0000-0000-000000000000,1715,ifcfxye6kuun,8c99ef63-96b0-442c-b9d0-aad6edbc5854,true,"""2026-09-22T11:29:50.441Z""","""2026-09-22T13:04:58.757Z""",y255aaaserpq,ac5ea5a9-2413-4dcf-b50e-127c07bad614
00000000-0000-0000-0000-000000000000,1450,ftiifauf4fcy,4d7fdece-0cd7-40c4-b771-f0d8315ddd76,true,"""2026-09-18T10:19:44.482Z""","""2026-09-18T11:33:22.772Z""",i4yac34u7xtf,6c31883f-d56d-4228-8a1d-7d6b70719e31
00000000-0000-0000-0000-000000000000,759,flsbyj3macyt,a2afd759-1f92-4b05-a3f3-489290dcf6a7,true,"""2026-09-07T14:10:48.930Z""","""2026-09-08T05:05:06.172Z""",lywo3mxqr4ap,d93aec45-6b5d-4ec9-a234-bd3141b5ff70
00000000-0000-0000-0000-000000000000,743,2x2gnle4io2g,a2afd759-1f92-4b05-a3f3-489290dcf6a7,true,"""2026-09-07T12:02:44.442Z""","""2026-09-08T05:37:39.038Z""",l7o7cpbne666,84636de1-d54a-4615-abbc-21be7b4f3c9d
00000000-0000-0000-0000-000000000000,1253,foh5u6r2vnqs,ea0ba87c-f14e-45b4-9757-c79e1f830f3b,true,"""2026-09-15T03:04:14.288Z""","""2026-09-15T07:26:57.966Z""",q22ll5nxdzp6,546fb32f-3e88-4504-9d23-f8c090b7f925
00000000-0000-0000-0000-000000000000,810,e6utm6fqyzio,a2afd759-1f92-4b05-a3f3-489290dcf6a7,true,"""2026-09-08T08:55:09.057Z""","""2026-09-10T05:21:16.389Z""",,c0f6b926-7071-4185-bcd8-85f21ab98a61
00000000-0000-0000-0000-000000000000,1192,5gsbmbpbo2ta,ea0ba87c-f14e-45b4-9757-c79e1f830f3b,true,"""2026-09-13T15:15:52.040Z""","""2026-09-14T06:54:09.666Z""",gj2czuxxvyez,546fb32f-3e88-4504-9d23-f8c090b7f925
00000000-0000-0000-0000-000000000000,1440,gcrl33leyx5i,a2afd759-1f92-4b05-a3f3-489290dcf6a7,true,"""2026-09-18T08:10:55.888Z""","""2026-09-18T12:55:38.639Z""",ffoe5d4t3dqh,b17c9755-830a-4d02-9733-d16da3da41d2
00000000-0000-0000-0000-000000000000,1119,c6d2jwrcsslu,ea0ba87c-f14e-45b4-9757-c79e1f830f3b,true,"""2026-09-12T13:36:09.307Z""","""2026-09-12T14:35:27.755Z""",gbahcgjtfw5j,546fb32f-3e88-4504-9d23-f8c090b7f925
00000000-0000-0000-0000-000000000000,1529,dpltuuq7vtug,a2afd759-1f92-4b05-a3f3-489290dcf6a7,true,"""2026-09-19T12:46:14.017Z""","""2026-09-20T03:52:11.394Z""",64odlgd43rdz,b17c9755-830a-4d02-9733-d16da3da41d2
00000000-0000-0000-0000-000000000000,1380,wnwugkykn6fp,4d7fdece-0cd7-40c4-b771-f0d8315ddd76,true,"""2026-09-17T08:36:45.492Z""","""2026-09-17T11:09:44.066Z""",lbfymovahijp,6c31883f-d56d-4228-8a1d-7d6b70719e31
00000000-0000-0000-0000-000000000000,1095,4yplfrsftptt,ea0ba87c-f14e-45b4-9757-c79e1f830f3b,true,"""2026-09-12T10:35:04.846Z""","""2026-09-12T11:39:24.840Z""",cnihr2v7vyhd,546fb32f-3e88-4504-9d23-f8c090b7f925
00000000-0000-0000-0000-000000000000,1475,5qu3pecbujm7,ea0ba87c-f14e-45b4-9757-c79e1f830f3b,true,"""2026-09-18T13:10:01.661Z""","""2026-09-18T14:08:01.461Z""",jzyosnawrg2n,546fb32f-3e88-4504-9d23-f8c090b7f925
00000000-0000-0000-0000-000000000000,1274,znrfixuxzcjl,a2afd759-1f92-4b05-a3f3-489290dcf6a7,true,"""2026-09-15T09:04:15.995Z""","""2026-09-15T10:21:07.536Z""",7y2zclon7cdr,b17c9755-830a-4d02-9733-d16da3da41d2
00000000-0000-0000-0000-000000000000,1140,4k2r32r64wvk,a2afd759-1f92-4b05-a3f3-489290dcf6a7,true,"""2026-09-13T06:30:21.265Z""","""2026-09-13T07:34:58.765Z""",yo2z5uoqpb5l,b17c9755-830a-4d02-9733-d16da3da41d2
00000000-0000-0000-0000-000000000000,1546,fedwknaw2o4x,4d7fdece-0cd7-40c4-b771-f0d8315ddd76,true,"""2026-09-20T03:30:14.537Z""","""2026-09-20T06:33:44.987Z""",wnuaxit7mncs,6c31883f-d56d-4228-8a1d-7d6b70719e31
00000000-0000-0000-0000-000000000000,1254,bexaswn22scj,ea0ba87c-f14e-45b4-9757-c79e1f830f3b,true,"""2026-09-15T03:04:15.359Z""","""2026-09-15T12:36:37.441Z""",z632bawehnky,8e190bb6-eed5-48e8-9c0a-0f6578ada5f8
00000000-0000-0000-0000-000000000000,1396,jw3jelmcuo5u,a2afd759-1f92-4b05-a3f3-489290dcf6a7,true,"""2026-09-17T12:03:30.871Z""","""2026-09-17T13:05:36.074Z""",ixeyfnxowlv5,b17c9755-830a-4d02-9733-d16da3da41d2
00000000-0000-0000-0000-000000000000,1557,pukuwtr6bmeb,ea0ba87c-f14e-45b4-9757-c79e1f830f3b,true,"""2026-09-20T06:25:57.753Z""","""2026-09-20T07:25:02.545Z""",adsori24jipf,546fb32f-3e88-4504-9d23-f8c090b7f925
00000000-0000-0000-0000-000000000000,1496,kma7a4f72ie2,ea0ba87c-f14e-45b4-9757-c79e1f830f3b,true,"""2026-09-19T05:48:26.374Z""","""2026-09-19T06:52:46.676Z""",23nnbbfscdp5,546fb32f-3e88-4504-9d23-f8c090b7f925
00000000-0000-0000-0000-000000000000,1495,juwmjleshrez,4d7fdece-0cd7-40c4-b771-f0d8315ddd76,true,"""2026-09-19T05:48:09.625Z""","""2026-09-19T06:59:52.448Z""",ocs2456x6gar,6c31883f-d56d-4228-8a1d-7d6b70719e31
00000000-0000-0000-0000-000000000000,1567,dtt7yzutjlwb,4d7fdece-0cd7-40c4-b771-f0d8315ddd76,true,"""2026-09-20T08:21:23.834Z""","""2026-09-20T09:38:52.705Z""",hmlu7pd5soau,6c31883f-d56d-4228-8a1d-7d6b70719e31
00000000-0000-0000-0000-000000000000,1661,cqdeghi7keuf,4d7fdece-0cd7-40c4-b771-f0d8315ddd76,true,"""2026-09-21T14:14:16.934Z""","""2026-09-22T04:35:46.752Z""",nkbn3c5xgcly,6c31883f-d56d-4228-8a1d-7d6b70719e31
00000000-0000-0000-0000-000000000000,1746,4o6tia7gazbh,4d7fdece-0cd7-40c4-b771-f0d8315ddd76,true,"""2026-09-23T05:58:53.932Z""","""2026-09-23T08:31:51.155Z""",rpqcyt455jwm,6c31883f-d56d-4228-8a1d-7d6b70719e31
00000000-0000-0000-0000-000000000000,1404,ib5wjdt2bzc3,ea0ba87c-f14e-45b4-9757-c79e1f830f3b,true,"""2026-09-17T13:09:11.723Z""","""2026-09-17T14:08:13.139Z""",7ulivjl72pd2,8e190bb6-eed5-48e8-9c0a-0f6578ada5f8
00000000-0000-0000-0000-000000000000,1294,emzbvtt47f4d,ea0ba87c-f14e-45b4-9757-c79e1f830f3b,true,"""2026-09-15T12:36:37.455Z""","""2026-09-15T14:19:14.313Z""",bexaswn22scj,8e190bb6-eed5-48e8-9c0a-0f6578ada5f8
00000000-0000-0000-0000-000000000000,1193,fjpbz7zhx2ll,ea0ba87c-f14e-45b4-9757-c79e1f830f3b,true,"""2026-09-13T15:16:29.830Z""","""2026-09-14T14:56:58.146Z""",2us67uqjn6yc,8e190bb6-eed5-48e8-9c0a-0f6578ada5f8
00000000-0000-0000-0000-000000000000,1243,q22ll5nxdzp6,ea0ba87c-f14e-45b4-9757-c79e1f830f3b,true,"""2026-09-14T14:43:27.097Z""","""2026-09-15T03:04:14.275Z""",s6zpq2235orr,546fb32f-3e88-4504-9d23-f8c090b7f925
00000000-0000-0000-0000-000000000000,1405,kwng4zjh26ge,ea0ba87c-f14e-45b4-9757-c79e1f830f3b,true,"""2026-09-17T13:09:12.154Z""","""2026-09-17T14:19:36.275Z""",ldvtw3fqrap4,546fb32f-3e88-4504-9d23-f8c090b7f925
00000000-0000-0000-0000-000000000000,1755,3q42qzpnhigh,ea0ba87c-f14e-45b4-9757-c79e1f830f3b,true,"""2026-09-23T08:03:45.234Z""","""2026-09-23T09:34:01.116Z""",4e5jxeuleqvw,546fb32f-3e88-4504-9d23-f8c090b7f925
00000000-0000-0000-0000-000000000000,1414,2yrom4ctt76l,4d7fdece-0cd7-40c4-b771-f0d8315ddd76,true,"""2026-09-17T14:29:03.186Z""","""2026-09-18T02:57:16.424Z""",jgqfyhmfrttn,6c31883f-d56d-4228-8a1d-7d6b70719e31
00000000-0000-0000-0000-000000000000,1765,3mjaydaqqi3l,4d7fdece-0cd7-40c4-b771-f0d8315ddd76,true,"""2026-09-23T09:50:46.729Z""","""2026-09-23T10:55:31.337Z""",av5j3rvj4dzk,6c31883f-d56d-4228-8a1d-7d6b70719e31
00000000-0000-0000-0000-000000000000,1304,f6bbfrlaja2j,ea0ba87c-f14e-45b4-9757-c79e1f830f3b,true,"""2026-09-15T14:12:59.620Z""","""2026-09-16T07:42:32.823Z""",2wyfi725cptw,546fb32f-3e88-4504-9d23-f8c090b7f925
00000000-0000-0000-0000-000000000000,1589,qwl5vgh5y5tu,a2afd759-1f92-4b05-a3f3-489290dcf6a7,true,"""2026-09-20T12:07:39.140Z""","""2026-09-20T13:08:54.499Z""",gutgeqc3kgbq,b17c9755-830a-4d02-9733-d16da3da41d2
00000000-0000-0000-0000-000000000000,1322,z3eewbzvpe2a,ea0ba87c-f14e-45b4-9757-c79e1f830f3b,true,"""2026-09-16T07:42:32.842Z""","""2026-09-16T08:41:01.695Z""",f6bbfrlaja2j,546fb32f-3e88-4504-9d23-f8c090b7f925
00000000-0000-0000-0000-000000000000,1685,saksjvdb37c5,a2afd759-1f92-4b05-a3f3-489290dcf6a7,true,"""2026-09-22T05:33:01.471Z""","""2026-09-22T06:47:29.325Z""",i7fmrftvaufv,b17c9755-830a-4d02-9733-d16da3da41d2
00000000-0000-0000-0000-000000000000,1330,a5pxxcxdsb4h,a2afd759-1f92-4b05-a3f3-489290dcf6a7,true,"""2026-09-16T10:32:28.147Z""","""2026-09-16T11:34:09.004Z""",kfckktuegmin,b17c9755-830a-4d02-9733-d16da3da41d2
00000000-0000-0000-0000-000000000000,1600,pcuxiqrdkwmc,ea0ba87c-f14e-45b4-9757-c79e1f830f3b,true,"""2026-09-20T13:50:00.239Z""","""2026-09-20T14:48:45.682Z""",ajd5wc2btrjp,546fb32f-3e88-4504-9d23-f8c090b7f925
00000000-0000-0000-0000-000000000000,1339,hpswohx774vx,ea0ba87c-f14e-45b4-9757-c79e1f830f3b,true,"""2026-09-16T12:01:17.782Z""","""2026-09-16T13:12:03.411Z""",tp7i4ay3dsai,546fb32f-3e88-4504-9d23-f8c090b7f925
00000000-0000-0000-0000-000000000000,1773,njrux2bgmfto,200fe6c5-594e-4ab1-8172-51188af8df8e,true,"""2026-09-23T11:37:25.824Z""","""2026-09-23T12:35:38.108Z""",tzwatutcqfoj,76095e30-8cd9-42e3-9791-323fbdb48c4a
00000000-0000-0000-0000-000000000000,1611,lhxwb3yymquf,669769f1-0d1d-47c2-9ce3-e18dacaccbc3,true,"""2026-09-21T04:02:16.973Z""","""2026-09-21T05:00:32.912Z""",gllj3mfg7sd5,9d90c5a6-fd51-4379-8156-1b26ad0439fc
00000000-0000-0000-0000-000000000000,1612,2ietj4ad4od7,4d7fdece-0cd7-40c4-b771-f0d8315ddd76,true,"""2026-09-21T04:03:13.375Z""","""2026-09-21T05:13:25.442Z""",si6v4a6qnjx2,6c31883f-d56d-4228-8a1d-7d6b70719e31
00000000-0000-0000-0000-000000000000,1623,llc36b63egat,669769f1-0d1d-47c2-9ce3-e18dacaccbc3,true,"""2026-09-21T06:20:54.070Z""","""2026-09-21T07:30:57.298Z""",j7rlw42pyynl,9d90c5a6-fd51-4379-8156-1b26ad0439fc
00000000-0000-0000-0000-000000000000,1780,g7pflibexydk,669769f1-0d1d-47c2-9ce3-e18dacaccbc3,true,"""2026-09-23T12:58:31.659Z""","""2026-09-23T14:08:42.659Z""",njiniuvgdsqz,9d90c5a6-fd51-4379-8156-1b26ad0439fc
00000000-0000-0000-0000-000000000000,1736,kgrntzs2cjfk,ea0ba87c-f14e-45b4-9757-c79e1f830f3b,true,"""2026-09-22T15:09:39.480Z""","""2026-09-23T14:49:01.603Z""",x4plon5rauvo,8e190bb6-eed5-48e8-9c0a-0f6578ada5f8
00000000-0000-0000-0000-000000000000,780,ss736utrz357,a2afd759-1f92-4b05-a3f3-489290dcf6a7,true,"""2026-09-08T05:05:06.187Z""","""2026-09-08T08:42:32.009Z""",flsbyj3macyt,d93aec45-6b5d-4ec9-a234-bd3141b5ff70
00000000-0000-0000-0000-000000000000,782,jxjrjdw4f3a4,a2afd759-1f92-4b05-a3f3-489290dcf6a7,true,"""2026-09-08T05:37:39.044Z""","""2026-09-08T08:42:34.940Z""",2x2gnle4io2g,84636de1-d54a-4615-abbc-21be7b4f3c9d
00000000-0000-0000-0000-000000000000,806,x6kbfwhqgucf,a2afd759-1f92-4b05-a3f3-489290dcf6a7,false,"""2026-09-08T08:42:34.940Z""","""2026-09-08T08:42:34.940Z""",jxjrjdw4f3a4,84636de1-d54a-4615-abbc-21be7b4f3c9d
00000000-0000-0000-0000-000000000000,807,k6pgi4utkrcv,a2afd759-1f92-4b05-a3f3-489290dcf6a7,false,"""2026-09-08T08:42:40.185Z""","""2026-09-08T08:42:40.185Z""",,87e03c5f-3a9c-4f7c-a74a-895c43d63b22
00000000-0000-0000-0000-000000000000,808,5lzyqlg6d7md,a2afd759-1f92-4b05-a3f3-489290dcf6a7,false,"""2026-09-08T08:42:43.532Z""","""2026-09-08T08:42:43.532Z""",,e9c79e03-c7d9-4de5-ac3f-e7399cc4ac62
00000000-0000-0000-0000-000000000000,1642,4dqo3yefkfpi,8c99ef63-96b0-442c-b9d0-aad6edbc5854,true,"""2026-09-21T10:32:31.063Z""","""2026-09-21T11:46:31.626Z""",bv5ixdjwlmlu,ac5ea5a9-2413-4dcf-b50e-127c07bad614
00000000-0000-0000-0000-000000000000,1651,ivkthqxhhwev,ea0ba87c-f14e-45b4-9757-c79e1f830f3b,true,"""2026-09-21T12:17:12.353Z""","""2026-09-21T13:31:13.833Z""",cv7brhyucmxs,546fb32f-3e88-4504-9d23-f8c090b7f925
00000000-0000-0000-0000-000000000000,805,36vfz5pdhdph,a2afd759-1f92-4b05-a3f3-489290dcf6a7,true,"""2026-09-08T08:42:32.019Z""","""2026-09-08T11:21:10.649Z""",ss736utrz357,d93aec45-6b5d-4ec9-a234-bd3141b5ff70
00000000-0000-0000-0000-000000000000,823,wwazl22haq4n,a2afd759-1f92-4b05-a3f3-489290dcf6a7,true,"""2026-09-08T11:21:10.661Z""","""2026-09-08T12:20:51.938Z""",36vfz5pdhdph,d93aec45-6b5d-4ec9-a234-bd3141b5ff70
00000000-0000-0000-0000-000000000000,1108,nrpqvr6zcjkh,200fe6c5-594e-4ab1-8172-51188af8df8e,true,"""2026-09-12T12:13:27.956Z""","""2026-09-12T13:12:28.799Z""",lsdjngcqfbcf,aa262dbb-d73e-4a43-9f2c-65f88f2cd750
00000000-0000-0000-0000-000000000000,829,ngdhbnmisdyf,a2afd759-1f92-4b05-a3f3-489290dcf6a7,true,"""2026-09-08T12:20:51.946Z""","""2026-09-08T13:24:03.090Z""",wwazl22haq4n,d93aec45-6b5d-4ec9-a234-bd3141b5ff70
00000000-0000-0000-0000-000000000000,1455,x4m7ftrxfuw5,ea0ba87c-f14e-45b4-9757-c79e1f830f3b,true,"""2026-09-18T11:01:58.720Z""","""2026-09-18T12:11:55.578Z""",is5scz5rusqj,546fb32f-3e88-4504-9d23-f8c090b7f925
00000000-0000-0000-0000-000000000000,960,wrx2sunxp4uw,a2afd759-1f92-4b05-a3f3-489290dcf6a7,true,"""2026-09-10T13:29:27.442Z""","""2026-09-11T07:05:50.620Z""",mdkdc5l2quvh,d93aec45-6b5d-4ec9-a234-bd3141b5ff70
00000000-0000-0000-0000-000000000000,1388,e4bucj2l6jui,ea0ba87c-f14e-45b4-9757-c79e1f830f3b,true,"""2026-09-17T10:45:37.905Z""","""2026-09-17T12:10:58.125Z""",22ohi3pblfar,546fb32f-3e88-4504-9d23-f8c090b7f925
00000000-0000-0000-0000-000000000000,1458,xv7z2wp2ayi2,4d7fdece-0cd7-40c4-b771-f0d8315ddd76,true,"""2026-09-18T11:33:22.789Z""","""2026-09-18T13:05:58.663Z""",ftiifauf4fcy,6c31883f-d56d-4228-8a1d-7d6b70719e31
00000000-0000-0000-0000-000000000000,1107,nfbrc3wey2gx,ea0ba87c-f14e-45b4-9757-c79e1f830f3b,true,"""2026-09-12T12:13:22.922Z""","""2026-09-12T14:35:34.522Z""",lzwxkpve6v6p,8e190bb6-eed5-48e8-9c0a-0f6578ada5f8
00000000-0000-0000-0000-000000000000,1019,nchwcngusjze,a2afd759-1f92-4b05-a3f3-489290dcf6a7,false,"""2026-09-11T11:21:34.746Z""","""2026-09-11T11:21:34.746Z""",2g64ndgc5ccj,d93aec45-6b5d-4ec9-a234-bd3141b5ff70
00000000-0000-0000-0000-000000000000,1087,cnihr2v7vyhd,ea0ba87c-f14e-45b4-9757-c79e1f830f3b,true,"""2026-09-12T09:21:06.773Z""","""2026-09-12T10:35:04.833Z""",2agjerbio2f4,546fb32f-3e88-4504-9d23-f8c090b7f925
00000000-0000-0000-0000-000000000000,1725,surpsnjdognu,200fe6c5-594e-4ab1-8172-51188af8df8e,true,"""2026-09-22T13:01:06.359Z""","""2026-09-22T14:09:28.205Z""",e3a7kajacr7z,76095e30-8cd9-42e3-9791-323fbdb48c4a
00000000-0000-0000-0000-000000000000,1721,mc3eiydfbc4t,4d7fdece-0cd7-40c4-b771-f0d8315ddd76,true,"""2026-09-22T12:11:27.545Z""","""2026-09-22T14:18:01.852Z""",n62psbf5cthf,6c31883f-d56d-4228-8a1d-7d6b70719e31
00000000-0000-0000-0000-000000000000,1662,njeobxgk2m4p,669769f1-0d1d-47c2-9ce3-e18dacaccbc3,true,"""2026-09-21T14:28:23.505Z""","""2026-09-22T04:16:52.329Z""",ztib5iakmfht,9d90c5a6-fd51-4379-8156-1b26ad0439fc
00000000-0000-0000-0000-000000000000,1558,hmlu7pd5soau,4d7fdece-0cd7-40c4-b771-f0d8315ddd76,true,"""2026-09-20T06:33:44.998Z""","""2026-09-20T08:21:23.815Z""",fedwknaw2o4x,6c31883f-d56d-4228-8a1d-7d6b70719e31
00000000-0000-0000-0000-000000000000,1284,tvjuvhjsjfp5,ea0ba87c-f14e-45b4-9757-c79e1f830f3b,true,"""2026-09-15T11:06:17.100Z""","""2026-09-15T12:04:21.521Z""",crn53b3ysotc,546fb32f-3e88-4504-9d23-f8c090b7f925
00000000-0000-0000-0000-000000000000,1224,mgud6eqwmd5m,ea0ba87c-f14e-45b4-9757-c79e1f830f3b,true,"""2026-09-14T11:00:13.438Z""","""2026-09-14T11:59:03.003Z""",mbackdc4rf7v,546fb32f-3e88-4504-9d23-f8c090b7f925
00000000-0000-0000-0000-000000000000,1397,ldvtw3fqrap4,ea0ba87c-f14e-45b4-9757-c79e1f830f3b,true,"""2026-09-17T12:10:58.140Z""","""2026-09-17T13:09:12.153Z""",e4bucj2l6jui,546fb32f-3e88-4504-9d23-f8c090b7f925
00000000-0000-0000-0000-000000000000,1131,eh76okoggpvg,ea0ba87c-f14e-45b4-9757-c79e1f830f3b,true,"""2026-09-13T02:53:27.430Z""","""2026-09-13T03:58:34.909Z""",kbajrl6jw5bs,546fb32f-3e88-4504-9d23-f8c090b7f925
00000000-0000-0000-0000-000000000000,1737,mluvkar4izhn,abd93692-5d4d-4204-baf6-b4b38443b698,true,"""2026-09-23T02:28:42.098Z""","""2026-09-23T03:28:33.595Z""",torzaosusvby,f2441d4c-4874-48a3-8351-7f36ce0b956b
00000000-0000-0000-0000-000000000000,1747,s4k5uevg5cnw,8c99ef63-96b0-442c-b9d0-aad6edbc5854,true,"""2026-09-23T06:06:17.443Z""","""2026-09-23T07:12:44.926Z""",5wujx6pdtfbp,ac5ea5a9-2413-4dcf-b50e-127c07bad614
00000000-0000-0000-0000-000000000000,1509,jrhpobh5ucq5,4d7fdece-0cd7-40c4-b771-f0d8315ddd76,true,"""2026-09-19T09:09:02.185Z""","""2026-09-19T12:17:40.829Z""",3qqqt66tudkx,6c31883f-d56d-4228-8a1d-7d6b70719e31
00000000-0000-0000-0000-000000000000,1244,bv32m3onfwtp,4d7fdece-0cd7-40c4-b771-f0d8315ddd76,true,"""2026-09-14T14:46:32.123Z""","""2026-09-15T02:26:01.588Z""",,6c31883f-d56d-4228-8a1d-7d6b70719e31
00000000-0000-0000-0000-000000000000,1579,gutgeqc3kgbq,a2afd759-1f92-4b05-a3f3-489290dcf6a7,true,"""2026-09-20T09:59:23.077Z""","""2026-09-20T12:07:39.116Z""",wlftungl5enk,b17c9755-830a-4d02-9733-d16da3da41d2
00000000-0000-0000-0000-000000000000,1233,srv6ry4r43pg,a2afd759-1f92-4b05-a3f3-489290dcf6a7,true,"""2026-09-14T12:47:37.150Z""","""2026-09-15T03:55:24.307Z""",j4gsdssjekej,b17c9755-830a-4d02-9733-d16da3da41d2
00000000-0000-0000-0000-000000000000,1679,f43ciqmju222,669769f1-0d1d-47c2-9ce3-e18dacaccbc3,true,"""2026-09-22T04:16:52.350Z""","""2026-09-22T06:03:52.798Z""",njeobxgk2m4p,9d90c5a6-fd51-4379-8156-1b26ad0439fc
00000000-0000-0000-0000-000000000000,1756,m2rzmsfrtdwu,200fe6c5-594e-4ab1-8172-51188af8df8e,true,"""2026-09-23T08:06:34.551Z""","""2026-09-23T09:15:32.815Z""",ojx5tgvwpn47,76095e30-8cd9-42e3-9791-323fbdb48c4a
00000000-0000-0000-0000-000000000000,1601,kqxaeiytxg7j,4d7fdece-0cd7-40c4-b771-f0d8315ddd76,true,"""2026-09-20T14:07:24.703Z""","""2026-09-21T03:03:23.575Z""",7q4ywgoqzz54,6c31883f-d56d-4228-8a1d-7d6b70719e31
00000000-0000-0000-0000-000000000000,1255,y7yob2dwmzpz,a2afd759-1f92-4b05-a3f3-489290dcf6a7,true,"""2026-09-15T03:55:24.337Z""","""2026-09-15T05:03:12.968Z""",srv6ry4r43pg,b17c9755-830a-4d02-9733-d16da3da41d2
00000000-0000-0000-0000-000000000000,1686,2bimhpueghyk,4d7fdece-0cd7-40c4-b771-f0d8315ddd76,true,"""2026-09-22T05:46:42.978Z""","""2026-09-22T07:54:30.396Z""",cahhbiqoaejv,6c31883f-d56d-4228-8a1d-7d6b70719e31
00000000-0000-0000-0000-000000000000,1613,sueco3o37n2o,8c99ef63-96b0-442c-b9d0-aad6edbc5854,true,"""2026-09-21T04:24:37.982Z""","""2026-09-21T06:22:51.685Z""",6syreiyyez6o,ac5ea5a9-2413-4dcf-b50e-127c07bad614
00000000-0000-0000-0000-000000000000,1766,ajfs3c3ns7kh,669769f1-0d1d-47c2-9ce3-e18dacaccbc3,true,"""2026-09-23T10:07:14.632Z""","""2026-09-23T11:31:47.433Z""",rs6p2syxcmlb,9d90c5a6-fd51-4379-8156-1b26ad0439fc
00000000-0000-0000-0000-000000000000,1306,shvsnl2k4rlw,ea0ba87c-f14e-45b4-9757-c79e1f830f3b,true,"""2026-09-15T14:19:14.322Z""","""2026-09-16T15:04:36.689Z""",emzbvtt47f4d,8e190bb6-eed5-48e8-9c0a-0f6578ada5f8
00000000-0000-0000-0000-000000000000,1624,aeh4rp2v4toa,8c99ef63-96b0-442c-b9d0-aad6edbc5854,true,"""2026-09-21T06:22:51.696Z""","""2026-09-21T07:33:57.173Z""",sueco3o37n2o,ac5ea5a9-2413-4dcf-b50e-127c07bad614
00000000-0000-0000-0000-000000000000,1348,7ocowqohqscb,ea0ba87c-f14e-45b4-9757-c79e1f830f3b,true,"""2026-09-16T14:10:08.939Z""","""2026-09-17T02:57:56.255Z""",nvgtsr3huh3t,546fb32f-3e88-4504-9d23-f8c090b7f925
00000000-0000-0000-0000-000000000000,1692,po43l73ir7va,8c99ef63-96b0-442c-b9d0-aad6edbc5854,true,"""2026-09-22T07:06:07.146Z""","""2026-09-22T08:37:36.065Z""",7a72xfypigou,ac5ea5a9-2413-4dcf-b50e-127c07bad614
00000000-0000-0000-0000-000000000000,1424,slbkeh7mbnqv,ea0ba87c-f14e-45b4-9757-c79e1f830f3b,true,"""2026-09-18T04:27:26.122Z""","""2026-09-18T06:01:37.980Z""",bpqbve344dgz,546fb32f-3e88-4504-9d23-f8c090b7f925
00000000-0000-0000-0000-000000000000,1633,f2t36rqjeize,a2afd759-1f92-4b05-a3f3-489290dcf6a7,true,"""2026-09-21T08:41:05.019Z""","""2026-09-21T09:40:53.823Z""",7pkymll6cind,b17c9755-830a-4d02-9733-d16da3da41d2
00000000-0000-0000-0000-000000000000,1697,3uuj45bgqqud,ea0ba87c-f14e-45b4-9757-c79e1f830f3b,true,"""2026-09-22T08:14:30.956Z""","""2026-09-22T09:29:42.855Z""",cib6gfqrxtlk,546fb32f-3e88-4504-9d23-f8c090b7f925
00000000-0000-0000-0000-000000000000,1643,slschwnsn7lg,669769f1-0d1d-47c2-9ce3-e18dacaccbc3,true,"""2026-09-21T10:35:23.724Z""","""2026-09-21T11:53:40.883Z""",qmgjgyv6qglp,9d90c5a6-fd51-4379-8156-1b26ad0439fc
00000000-0000-0000-0000-000000000000,1431,6ssuunjgt4ax,4d7fdece-0cd7-40c4-b771-f0d8315ddd76,true,"""2026-09-18T06:25:48.064Z""","""2026-09-18T07:37:44.643Z""",fk6q7hzh25op,6c31883f-d56d-4228-8a1d-7d6b70719e31
00000000-0000-0000-0000-000000000000,1644,3gisjepmtgkv,4d7fdece-0cd7-40c4-b771-f0d8315ddd76,true,"""2026-09-21T10:35:45.039Z""","""2026-09-21T12:12:43.501Z""",xv6wrtctmlxm,6c31883f-d56d-4228-8a1d-7d6b70719e31
00000000-0000-0000-0000-000000000000,1774,2ilwu6h4ef2w,4d7fdece-0cd7-40c4-b771-f0d8315ddd76,true,"""2026-09-23T11:56:54.211Z""","""2026-09-23T13:09:22.447Z""",yoifrhshwvbf,6c31883f-d56d-4228-8a1d-7d6b70719e31
00000000-0000-0000-0000-000000000000,1652,mpjmv7rm4req,a2afd759-1f92-4b05-a3f3-489290dcf6a7,true,"""2026-09-21T12:20:47.630Z""","""2026-09-21T13:44:58.102Z""",rnhlmjiwqmlr,b17c9755-830a-4d02-9733-d16da3da41d2
00000000-0000-0000-0000-000000000000,1781,fmjfhyaqis5m,4d7fdece-0cd7-40c4-b771-f0d8315ddd76,true,"""2026-09-23T13:09:22.463Z""","""2026-09-23T14:18:38.445Z""",2ilwu6h4ef2w,6c31883f-d56d-4228-8a1d-7d6b70719e31
00000000-0000-0000-0000-000000000000,1703,hzq4ql2a57ur,ea0ba87c-f14e-45b4-9757-c79e1f830f3b,true,"""2026-09-22T09:29:42.879Z""","""2026-09-22T10:34:22.361Z""",3uuj45bgqqud,546fb32f-3e88-4504-9d23-f8c090b7f925
00000000-0000-0000-0000-000000000000,1437,i4yac34u7xtf,4d7fdece-0cd7-40c4-b771-f0d8315ddd76,true,"""2026-09-18T07:37:44.656Z""","""2026-09-18T10:19:44.480Z""",6ssuunjgt4ax,6c31883f-d56d-4228-8a1d-7d6b70719e31
00000000-0000-0000-0000-000000000000,1708,y255aaaserpq,8c99ef63-96b0-442c-b9d0-aad6edbc5854,true,"""2026-09-22T10:12:24.011Z""","""2026-09-22T11:29:50.419Z""",536xgyv3d4wk,ac5ea5a9-2413-4dcf-b50e-127c07bad614
00000000-0000-0000-0000-000000000000,1712,eqtp6hznrzo5,669769f1-0d1d-47c2-9ce3-e18dacaccbc3,true,"""2026-09-22T10:36:24.309Z""","""2026-09-22T11:41:38.996Z""",zczeuhyu4vra,9d90c5a6-fd51-4379-8156-1b26ad0439fc
00000000-0000-0000-0000-000000000000,1448,is5scz5rusqj,ea0ba87c-f14e-45b4-9757-c79e1f830f3b,true,"""2026-09-18T10:03:49.122Z""","""2026-09-18T11:01:58.707Z""",al4qj5ax4bdh,546fb32f-3e88-4504-9d23-f8c090b7f925
00000000-0000-0000-0000-000000000000,1716,o5zzqulszyah,669769f1-0d1d-47c2-9ce3-e18dacaccbc3,true,"""2026-09-22T11:41:39.017Z""","""2026-09-22T12:41:13.460Z""",eqtp6hznrzo5,9d90c5a6-fd51-4379-8156-1b26ad0439fc
00000000-0000-0000-0000-000000000000,1787,35cd3st7dty2,4d7fdece-0cd7-40c4-b771-f0d8315ddd76,true,"""2026-09-23T14:18:38.455Z""","""2026-09-23T15:18:13.185Z""",fmjfhyaqis5m,6c31883f-d56d-4228-8a1d-7d6b70719e31
00000000-0000-0000-0000-000000000000,1791,apejclkxdpor,ea0ba87c-f14e-45b4-9757-c79e1f830f3b,true,"""2026-09-23T14:49:01.603Z""","""2026-09-24T14:51:21.941Z""",kgrntzs2cjfk,8e190bb6-eed5-48e8-9c0a-0f6578ada5f8
00000000-0000-0000-0000-000000000000,1722,5eozkwhfmfcg,669769f1-0d1d-47c2-9ce3-e18dacaccbc3,true,"""2026-09-22T12:41:13.474Z""","""2026-09-22T13:47:38.350Z""",o5zzqulszyah,9d90c5a6-fd51-4379-8156-1b26ad0439fc
00000000-0000-0000-0000-000000000000,1548,okxvoejffmfr,a2afd759-1f92-4b05-a3f3-489290dcf6a7,true,"""2026-09-20T03:52:11.410Z""","""2026-09-20T05:01:20.381Z""",dpltuuq7vtug,b17c9755-830a-4d02-9733-d16da3da41d2
00000000-0000-0000-0000-000000000000,1726,czielahuvdvv,a2afd759-1f92-4b05-a3f3-489290dcf6a7,true,"""2026-09-22T13:04:51.498Z""","""2026-09-22T14:17:12.028Z""",waizgklhy3wa,b17c9755-830a-4d02-9733-d16da3da41d2
00000000-0000-0000-0000-000000000000,1559,srpkhtsqaybh,a2afd759-1f92-4b05-a3f3-489290dcf6a7,true,"""2026-09-20T06:37:48.759Z""","""2026-09-20T07:40:53.807Z""",usm2zf5fcgxx,b17c9755-830a-4d02-9733-d16da3da41d2
00000000-0000-0000-0000-000000000000,1663,mcnq2tdjacjs,ea0ba87c-f14e-45b4-9757-c79e1f830f3b,true,"""2026-09-21T14:34:11.336Z""","""2026-09-22T02:49:48.252Z""",akctszog3gqe,546fb32f-3e88-4504-9d23-f8c090b7f925
00000000-0000-0000-0000-000000000000,1569,ghbfvyfozwsh,ea0ba87c-f14e-45b4-9757-c79e1f830f3b,true,"""2026-09-20T08:38:19.345Z""","""2026-09-20T09:39:12.027Z""",j5qg4rdictug,546fb32f-3e88-4504-9d23-f8c090b7f925
00000000-0000-0000-0000-000000000000,1891,pzot5lgresqr,4d7fdece-0cd7-40c4-b771-f0d8315ddd76,true,"""2026-09-25T11:30:07.384Z""","""2026-09-25T12:46:28.828Z""",75lblmvouhva,6c31883f-d56d-4228-8a1d-7d6b70719e31
00000000-0000-0000-0000-000000000000,1580,2micd3wtvfn3,669769f1-0d1d-47c2-9ce3-e18dacaccbc3,true,"""2026-09-20T10:36:36.127Z""","""2026-09-20T11:42:05.944Z""",motl4cpmkvwu,9d90c5a6-fd51-4379-8156-1b26ad0439fc
00000000-0000-0000-0000-000000000000,1680,i7fmrftvaufv,a2afd759-1f92-4b05-a3f3-489290dcf6a7,true,"""2026-09-22T04:33:45.648Z""","""2026-09-22T05:33:01.451Z""",5wtcealg63c4,b17c9755-830a-4d02-9733-d16da3da41d2
00000000-0000-0000-0000-000000000000,1738,g43omktwp3dj,4d7fdece-0cd7-40c4-b771-f0d8315ddd76,true,"""2026-09-23T03:24:40.443Z""","""2026-09-23T04:36:31.352Z""",ghcomhzloybr,6c31883f-d56d-4228-8a1d-7d6b70719e31
00000000-0000-0000-0000-000000000000,1602,lneoiqjyys6k,669769f1-0d1d-47c2-9ce3-e18dacaccbc3,true,"""2026-09-20T14:44:32.725Z""","""2026-09-21T03:02:50.411Z""",nzmancrkualv,9d90c5a6-fd51-4379-8156-1b26ad0439fc
00000000-0000-0000-0000-000000000000,1727,5wujx6pdtfbp,8c99ef63-96b0-442c-b9d0-aad6edbc5854,true,"""2026-09-22T13:04:58.759Z""","""2026-09-23T06:06:17.427Z""",ifcfxye6kuun,ac5ea5a9-2413-4dcf-b50e-127c07bad614
00000000-0000-0000-0000-000000000000,1591,6syreiyyez6o,8c99ef63-96b0-442c-b9d0-aad6edbc5854,true,"""2026-09-20T12:42:36.251Z""","""2026-09-21T04:24:37.958Z""",mw24y6i5hyfh,ac5ea5a9-2413-4dcf-b50e-127c07bad614
00000000-0000-0000-0000-000000000000,1520,o7urptuilppr,ea0ba87c-f14e-45b4-9757-c79e1f830f3b,true,"""2026-09-19T11:39:26.206Z""","""2026-09-19T12:37:51.832Z""",ksriqywjurjo,546fb32f-3e88-4504-9d23-f8c090b7f925
00000000-0000-0000-0000-000000000000,1687,7a72xfypigou,8c99ef63-96b0-442c-b9d0-aad6edbc5854,true,"""2026-09-22T06:00:17.764Z""","""2026-09-22T07:06:07.134Z""",jyazofdbkqwl,ac5ea5a9-2413-4dcf-b50e-127c07bad614
00000000-0000-0000-0000-000000000000,1614,nam7amvkcynh,ea0ba87c-f14e-45b4-9757-c79e1f830f3b,true,"""2026-09-21T04:34:21.830Z""","""2026-09-21T05:49:54.508Z""",wmijbhmzqf53,546fb32f-3e88-4504-9d23-f8c090b7f925
00000000-0000-0000-0000-000000000000,1748,5ljslpnabq7p,669769f1-0d1d-47c2-9ce3-e18dacaccbc3,true,"""2026-09-23T06:16:07.393Z""","""2026-09-23T07:14:30.152Z""",ksgydfyfyudq,9d90c5a6-fd51-4379-8156-1b26ad0439fc
00000000-0000-0000-0000-000000000000,1531,vb6uottnabne,a2afd759-1f92-4b05-a3f3-489290dcf6a7,true,"""2026-09-19T13:23:37.715Z""","""2026-09-21T08:02:52.166Z""",zyiecgpl55v7,c0f6b926-7071-4185-bcd8-85f21ab98a61
00000000-0000-0000-0000-000000000000,1625,7pkymll6cind,a2afd759-1f92-4b05-a3f3-489290dcf6a7,true,"""2026-09-21T07:10:20.258Z""","""2026-09-21T08:41:05.004Z""",5ldea5sfxvfx,b17c9755-830a-4d02-9733-d16da3da41d2
00000000-0000-0000-0000-000000000000,1634,qmgjgyv6qglp,669769f1-0d1d-47c2-9ce3-e18dacaccbc3,true,"""2026-09-21T08:43:59.655Z""","""2026-09-21T10:35:23.707Z""",brcxshkmhgm6,9d90c5a6-fd51-4379-8156-1b26ad0439fc
00000000-0000-0000-0000-000000000000,1757,rs6p2syxcmlb,669769f1-0d1d-47c2-9ce3-e18dacaccbc3,true,"""2026-09-23T08:18:55.730Z""","""2026-09-23T10:07:14.614Z""",orzhjaxhyl2a,9d90c5a6-fd51-4379-8156-1b26ad0439fc
00000000-0000-0000-0000-000000000000,1645,rnhlmjiwqmlr,a2afd759-1f92-4b05-a3f3-489290dcf6a7,true,"""2026-09-21T10:59:50.622Z""","""2026-09-21T12:20:47.621Z""",3fcixvcub6zd,b17c9755-830a-4d02-9733-d16da3da41d2
00000000-0000-0000-0000-000000000000,1767,zwl7dkwldnyl,abd93692-5d4d-4204-baf6-b4b38443b698,true,"""2026-09-23T10:31:45.061Z""","""2026-09-23T11:29:48.066Z""",czhx22hoibq7,3baed8d7-023b-4013-b15b-8a8560377e39
00000000-0000-0000-0000-000000000000,1705,zczeuhyu4vra,669769f1-0d1d-47c2-9ce3-e18dacaccbc3,true,"""2026-09-22T09:33:03.206Z""","""2026-09-22T10:36:24.300Z""",jsdkbfnep73z,9d90c5a6-fd51-4379-8156-1b26ad0439fc
00000000-0000-0000-0000-000000000000,1782,2o4jpetmgvhz,8c99ef63-96b0-442c-b9d0-aad6edbc5854,true,"""2026-09-23T13:22:23.705Z""","""2026-09-23T14:21:33.557Z""",e43c3pvxtfz6,ac5ea5a9-2413-4dcf-b50e-127c07bad614
00000000-0000-0000-0000-000000000000,1713,yimszmxwnk46,abd93692-5d4d-4204-baf6-b4b38443b698,true,"""2026-09-22T10:51:13.622Z""","""2026-09-22T11:49:31.819Z""",4hdhauh6jfxd,f2441d4c-4874-48a3-8351-7f36ce0b956b
00000000-0000-0000-0000-000000000000,1709,n62psbf5cthf,4d7fdece-0cd7-40c4-b771-f0d8315ddd76,true,"""2026-09-22T10:19:25.720Z""","""2026-09-22T12:11:27.531Z""",7nduzlh7futi,6c31883f-d56d-4228-8a1d-7d6b70719e31
00000000-0000-0000-0000-000000000000,1717,hfivk4khxl3n,abd93692-5d4d-4204-baf6-b4b38443b698,true,"""2026-09-22T11:49:31.827Z""","""2026-09-22T12:52:16.265Z""",yimszmxwnk46,f2441d4c-4874-48a3-8351-7f36ce0b956b
00000000-0000-0000-0000-000000000000,1794,pcejmle25qfs,abd93692-5d4d-4204-baf6-b4b38443b698,true,"""2026-09-24T02:56:32.306Z""","""2026-09-24T03:55:00.795Z""",tl5kcplx25uu,f2441d4c-4874-48a3-8351-7f36ce0b956b
00000000-0000-0000-0000-000000000000,1796,iwpqyxyutpp4,abd93692-5d4d-4204-baf6-b4b38443b698,true,"""2026-09-24T03:55:00.817Z""","""2026-09-24T04:53:14.656Z""",pcejmle25qfs,f2441d4c-4874-48a3-8351-7f36ce0b956b
00000000-0000-0000-0000-000000000000,1775,qgdzidox6iji,a2afd759-1f92-4b05-a3f3-489290dcf6a7,true,"""2026-09-23T12:06:13.406Z""","""2026-09-24T05:33:35.806Z""",lkbyvqrup5o3,b17c9755-830a-4d02-9733-d16da3da41d2
00000000-0000-0000-0000-000000000000,1798,qpr3w6ixclnh,ea0ba87c-f14e-45b4-9757-c79e1f830f3b,true,"""2026-09-24T04:36:00.968Z""","""2026-09-24T05:55:44.021Z""",2qj74tvaldzm,546fb32f-3e88-4504-9d23-f8c090b7f925
00000000-0000-0000-0000-000000000000,1792,6zsvc2w46k6m,4d7fdece-0cd7-40c4-b771-f0d8315ddd76,true,"""2026-09-23T15:18:13.203Z""","""2026-09-24T06:16:17.981Z""",35cd3st7dty2,6c31883f-d56d-4228-8a1d-7d6b70719e31
00000000-0000-0000-0000-000000000000,1800,oi76iyojjoqt,abd93692-5d4d-4204-baf6-b4b38443b698,true,"""2026-09-24T04:53:14.674Z""","""2026-09-24T06:20:39.141Z""",iwpqyxyutpp4,f2441d4c-4874-48a3-8351-7f36ce0b956b
00000000-0000-0000-0000-000000000000,1801,2peackdgrtlu,669769f1-0d1d-47c2-9ce3-e18dacaccbc3,true,"""2026-09-24T05:17:58.000Z""","""2026-09-24T06:28:38.419Z""",v554uw22spka,9d90c5a6-fd51-4379-8156-1b26ad0439fc
00000000-0000-0000-0000-000000000000,1803,nl5rxsvfg4p7,a2afd759-1f92-4b05-a3f3-489290dcf6a7,true,"""2026-09-24T05:33:35.806Z""","""2026-09-24T06:47:05.572Z""",qgdzidox6iji,b17c9755-830a-4d02-9733-d16da3da41d2
00000000-0000-0000-0000-000000000000,1805,eayxqfu24hsw,200fe6c5-594e-4ab1-8172-51188af8df8e,true,"""2026-09-24T05:56:31.014Z""","""2026-09-24T07:14:37.423Z""",n4htjfh6b5vd,76095e30-8cd9-42e3-9791-323fbdb48c4a
00000000-0000-0000-0000-000000000000,1804,qta2arupyrn5,ea0ba87c-f14e-45b4-9757-c79e1f830f3b,true,"""2026-09-24T05:55:44.039Z""","""2026-09-24T07:40:46.761Z""",qpr3w6ixclnh,546fb32f-3e88-4504-9d23-f8c090b7f925
00000000-0000-0000-0000-000000000000,1809,r32qhnb2o7ye,a2afd759-1f92-4b05-a3f3-489290dcf6a7,true,"""2026-09-24T06:47:05.597Z""","""2026-09-24T07:56:02.367Z""",nl5rxsvfg4p7,b17c9755-830a-4d02-9733-d16da3da41d2
00000000-0000-0000-0000-000000000000,1807,iqrul3bukr6g,abd93692-5d4d-4204-baf6-b4b38443b698,true,"""2026-09-24T06:20:39.148Z""","""2026-09-24T07:58:47.714Z""",oi76iyojjoqt,f2441d4c-4874-48a3-8351-7f36ce0b956b
00000000-0000-0000-0000-000000000000,1788,dpvyvv5zrrlb,8c99ef63-96b0-442c-b9d0-aad6edbc5854,true,"""2026-09-23T14:21:33.562Z""","""2026-09-24T08:04:45.692Z""",2o4jpetmgvhz,ac5ea5a9-2413-4dcf-b50e-127c07bad614
00000000-0000-0000-0000-000000000000,1810,e22saij67cqf,200fe6c5-594e-4ab1-8172-51188af8df8e,true,"""2026-09-24T07:14:37.444Z""","""2026-09-24T08:14:10.334Z""",eayxqfu24hsw,76095e30-8cd9-42e3-9791-323fbdb48c4a
00000000-0000-0000-0000-000000000000,1802,qfv2zp2oma34,a2afd759-1f92-4b05-a3f3-489290dcf6a7,true,"""2026-09-24T05:33:35.238Z""","""2026-09-24T08:43:34.858Z""",yii3o5laayja,c0f6b926-7071-4185-bcd8-85f21ab98a61
00000000-0000-0000-0000-000000000000,1811,s4v3liqqp4wz,ea0ba87c-f14e-45b4-9757-c79e1f830f3b,true,"""2026-09-24T07:40:46.786Z""","""2026-09-24T08:46:20.160Z""",qta2arupyrn5,546fb32f-3e88-4504-9d23-f8c090b7f925
00000000-0000-0000-0000-000000000000,1812,tou4to2upjbx,abd93692-5d4d-4204-baf6-b4b38443b698,true,"""2026-09-24T07:47:21.475Z""","""2026-09-24T08:50:06.219Z""",yf7rhams7yl5,3baed8d7-023b-4013-b15b-8a8560377e39
00000000-0000-0000-0000-000000000000,1813,z3x6pwo4tcvl,a2afd759-1f92-4b05-a3f3-489290dcf6a7,true,"""2026-09-24T07:56:02.386Z""","""2026-09-24T09:03:55.029Z""",r32qhnb2o7ye,b17c9755-830a-4d02-9733-d16da3da41d2
00000000-0000-0000-0000-000000000000,1816,rcvh7iuett26,200fe6c5-594e-4ab1-8172-51188af8df8e,true,"""2026-09-24T08:14:10.345Z""","""2026-09-24T09:14:49.221Z""",e22saij67cqf,76095e30-8cd9-42e3-9791-323fbdb48c4a
00000000-0000-0000-0000-000000000000,1815,zdqvi5d2k6bo,8c99ef63-96b0-442c-b9d0-aad6edbc5854,true,"""2026-09-24T08:04:45.704Z""","""2026-09-24T09:16:59.626Z""",dpvyvv5zrrlb,ac5ea5a9-2413-4dcf-b50e-127c07bad614
00000000-0000-0000-0000-000000000000,1806,ogo4jqjcnc53,4d7fdece-0cd7-40c4-b771-f0d8315ddd76,true,"""2026-09-24T06:16:18.002Z""","""2026-09-24T09:36:47.680Z""",6zsvc2w46k6m,6c31883f-d56d-4228-8a1d-7d6b70719e31
00000000-0000-0000-0000-000000000000,1808,jnjodulllubw,669769f1-0d1d-47c2-9ce3-e18dacaccbc3,true,"""2026-09-24T06:28:38.432Z""","""2026-09-24T10:28:50.948Z""",2peackdgrtlu,9d90c5a6-fd51-4379-8156-1b26ad0439fc
00000000-0000-0000-0000-000000000000,1814,adt645blurcq,abd93692-5d4d-4204-baf6-b4b38443b698,true,"""2026-09-24T07:58:47.722Z""","""2026-09-25T00:36:25.934Z""",iqrul3bukr6g,f2441d4c-4874-48a3-8351-7f36ce0b956b
00000000-0000-0000-0000-000000000000,1853,pyy3kfqgj5ru,abd93692-5d4d-4204-baf6-b4b38443b698,true,"""2026-09-24T14:54:45.192Z""","""2026-09-25T12:34:20.151Z""",6dlcd5n3ov4x,3baed8d7-023b-4013-b15b-8a8560377e39
00000000-0000-0000-0000-000000000000,1857,ncvef3cfnbe3,ea0ba87c-f14e-45b4-9757-c79e1f830f3b,true,"""2026-09-25T02:55:12.113Z""","""2026-09-25T13:44:45.123Z""",lkikn34iuvst,8e190bb6-eed5-48e8-9c0a-0f6578ada5f8
00000000-0000-0000-0000-000000000000,1841,iv73wktvw4lk,a2afd759-1f92-4b05-a3f3-489290dcf6a7,true,"""2026-09-24T12:36:20.780Z""","""2026-09-26T04:43:25.476Z""",5cgsuzmfabzz,c0f6b926-7071-4185-bcd8-85f21ab98a61
00000000-0000-0000-0000-000000000000,1819,a4de4qjto4eb,abd93692-5d4d-4204-baf6-b4b38443b698,true,"""2026-09-24T08:50:06.226Z""","""2026-09-24T09:48:37.068Z""",tou4to2upjbx,3baed8d7-023b-4013-b15b-8a8560377e39
00000000-0000-0000-0000-000000000000,1818,xyzzuhed5olf,ea0ba87c-f14e-45b4-9757-c79e1f830f3b,true,"""2026-09-24T08:46:20.172Z""","""2026-09-24T09:51:44.848Z""",s4v3liqqp4wz,546fb32f-3e88-4504-9d23-f8c090b7f925
00000000-0000-0000-0000-000000000000,1820,3hfzuogsmqij,a2afd759-1f92-4b05-a3f3-489290dcf6a7,true,"""2026-09-24T09:03:55.050Z""","""2026-09-24T10:08:33.269Z""",z3x6pwo4tcvl,b17c9755-830a-4d02-9733-d16da3da41d2
00000000-0000-0000-0000-000000000000,1821,d7ivmzmtpfxg,200fe6c5-594e-4ab1-8172-51188af8df8e,true,"""2026-09-24T09:14:49.234Z""","""2026-09-24T10:13:11.009Z""",rcvh7iuett26,76095e30-8cd9-42e3-9791-323fbdb48c4a
00000000-0000-0000-0000-000000000000,1826,dhaalzxs3is3,abd93692-5d4d-4204-baf6-b4b38443b698,true,"""2026-09-24T09:48:37.080Z""","""2026-09-24T10:47:07.911Z""",a4de4qjto4eb,3baed8d7-023b-4013-b15b-8a8560377e39
00000000-0000-0000-0000-000000000000,1822,txevtqyl2fgs,8c99ef63-96b0-442c-b9d0-aad6edbc5854,true,"""2026-09-24T09:16:59.633Z""","""2026-09-24T10:57:45.446Z""",zdqvi5d2k6bo,ac5ea5a9-2413-4dcf-b50e-127c07bad614
00000000-0000-0000-0000-000000000000,1828,gf3o2rb2e44d,a2afd759-1f92-4b05-a3f3-489290dcf6a7,true,"""2026-09-24T10:08:33.288Z""","""2026-09-24T11:06:36.010Z""",3hfzuogsmqij,b17c9755-830a-4d02-9733-d16da3da41d2
00000000-0000-0000-0000-000000000000,1827,ywlmkproj2vm,ea0ba87c-f14e-45b4-9757-c79e1f830f3b,true,"""2026-09-24T09:51:44.858Z""","""2026-09-24T11:11:38.073Z""",xyzzuhed5olf,546fb32f-3e88-4504-9d23-f8c090b7f925
00000000-0000-0000-0000-000000000000,1829,js5ydeucpoix,200fe6c5-594e-4ab1-8172-51188af8df8e,true,"""2026-09-24T10:13:11.025Z""","""2026-09-24T11:16:28.911Z""",d7ivmzmtpfxg,76095e30-8cd9-42e3-9791-323fbdb48c4a
00000000-0000-0000-0000-000000000000,1825,x6xgkaxyu5bu,4d7fdece-0cd7-40c4-b771-f0d8315ddd76,true,"""2026-09-24T09:36:47.693Z""","""2026-09-24T11:46:30.611Z""",ogo4jqjcnc53,6c31883f-d56d-4228-8a1d-7d6b70719e31
00000000-0000-0000-0000-000000000000,1832,gfshuwgezas4,8c99ef63-96b0-442c-b9d0-aad6edbc5854,true,"""2026-09-24T10:57:45.458Z""","""2026-09-24T11:55:56.272Z""",txevtqyl2fgs,ac5ea5a9-2413-4dcf-b50e-127c07bad614
00000000-0000-0000-0000-000000000000,1830,deex2mt6po7h,669769f1-0d1d-47c2-9ce3-e18dacaccbc3,true,"""2026-09-24T10:28:50.964Z""","""2026-09-24T12:06:20.702Z""",jnjodulllubw,9d90c5a6-fd51-4379-8156-1b26ad0439fc
00000000-0000-0000-0000-000000000000,1833,4q5vihp5cpau,a2afd759-1f92-4b05-a3f3-489290dcf6a7,true,"""2026-09-24T11:06:36.030Z""","""2026-09-24T12:07:05.450Z""",gf3o2rb2e44d,b17c9755-830a-4d02-9733-d16da3da41d2
00000000-0000-0000-0000-000000000000,1834,26egafxwjzvd,ea0ba87c-f14e-45b4-9757-c79e1f830f3b,true,"""2026-09-24T11:11:38.093Z""","""2026-09-24T12:10:05.085Z""",ywlmkproj2vm,546fb32f-3e88-4504-9d23-f8c090b7f925
00000000-0000-0000-0000-000000000000,1817,5cgsuzmfabzz,a2afd759-1f92-4b05-a3f3-489290dcf6a7,true,"""2026-09-24T08:43:34.878Z""","""2026-09-24T12:36:20.767Z""",qfv2zp2oma34,c0f6b926-7071-4185-bcd8-85f21ab98a61
00000000-0000-0000-0000-000000000000,1835,rmim3x3dvmq5,200fe6c5-594e-4ab1-8172-51188af8df8e,true,"""2026-09-24T11:16:28.918Z""","""2026-09-24T12:54:33.802Z""",js5ydeucpoix,76095e30-8cd9-42e3-9791-323fbdb48c4a
00000000-0000-0000-0000-000000000000,1837,ibqym4x5ibex,8c99ef63-96b0-442c-b9d0-aad6edbc5854,true,"""2026-09-24T11:55:56.283Z""","""2026-09-24T12:55:19.186Z""",gfshuwgezas4,ac5ea5a9-2413-4dcf-b50e-127c07bad614
00000000-0000-0000-0000-000000000000,1838,uupfgdxck5v3,669769f1-0d1d-47c2-9ce3-e18dacaccbc3,true,"""2026-09-24T12:06:20.715Z""","""2026-09-24T13:09:55.345Z""",deex2mt6po7h,9d90c5a6-fd51-4379-8156-1b26ad0439fc
00000000-0000-0000-0000-000000000000,1840,qfzsur7l2x2z,ea0ba87c-f14e-45b4-9757-c79e1f830f3b,true,"""2026-09-24T12:10:05.095Z""","""2026-09-24T13:10:00.845Z""",26egafxwjzvd,546fb32f-3e88-4504-9d23-f8c090b7f925
00000000-0000-0000-0000-000000000000,1836,ndrnogovw6y7,4d7fdece-0cd7-40c4-b771-f0d8315ddd76,true,"""2026-09-24T11:46:30.630Z""","""2026-09-24T13:17:03.688Z""",x6xgkaxyu5bu,6c31883f-d56d-4228-8a1d-7d6b70719e31
00000000-0000-0000-0000-000000000000,1831,knckkhwv562g,abd93692-5d4d-4204-baf6-b4b38443b698,true,"""2026-09-24T10:47:07.924Z""","""2026-09-24T13:56:15.764Z""",dhaalzxs3is3,3baed8d7-023b-4013-b15b-8a8560377e39
00000000-0000-0000-0000-000000000000,1842,neazbz5bn6fm,200fe6c5-594e-4ab1-8172-51188af8df8e,true,"""2026-09-24T12:54:33.822Z""","""2026-09-24T13:57:33.992Z""",rmim3x3dvmq5,76095e30-8cd9-42e3-9791-323fbdb48c4a
00000000-0000-0000-0000-000000000000,1844,fvavuiuenxhm,669769f1-0d1d-47c2-9ce3-e18dacaccbc3,true,"""2026-09-24T13:09:55.364Z""","""2026-09-24T14:07:56.838Z""",uupfgdxck5v3,9d90c5a6-fd51-4379-8156-1b26ad0439fc
00000000-0000-0000-0000-000000000000,1845,tzmat3nhc5ed,ea0ba87c-f14e-45b4-9757-c79e1f830f3b,true,"""2026-09-24T13:10:00.845Z""","""2026-09-24T14:08:03.894Z""",qfzsur7l2x2z,546fb32f-3e88-4504-9d23-f8c090b7f925
00000000-0000-0000-0000-000000000000,1846,qjym74q2enap,4d7fdece-0cd7-40c4-b771-f0d8315ddd76,true,"""2026-09-24T13:17:03.702Z""","""2026-09-24T14:44:22.760Z""",ndrnogovw6y7,6c31883f-d56d-4228-8a1d-7d6b70719e31
00000000-0000-0000-0000-000000000000,1847,6dlcd5n3ov4x,abd93692-5d4d-4204-baf6-b4b38443b698,true,"""2026-09-24T13:56:15.785Z""","""2026-09-24T14:54:45.186Z""",knckkhwv562g,3baed8d7-023b-4013-b15b-8a8560377e39
00000000-0000-0000-0000-000000000000,1823,wcsbnspherk7,abd93692-5d4d-4204-baf6-b4b38443b698,true,"""2026-09-24T09:26:40.219Z""","""2026-09-24T18:05:30.760Z""",,ff3c1d85-5ca0-4bdf-bd7f-a60c338968c8
00000000-0000-0000-0000-000000000000,1854,73zpyn42n6xa,abd93692-5d4d-4204-baf6-b4b38443b698,false,"""2026-09-24T18:05:30.785Z""","""2026-09-24T18:05:30.785Z""",wcsbnspherk7,ff3c1d85-5ca0-4bdf-bd7f-a60c338968c8
00000000-0000-0000-0000-000000000000,1855,dgqu6dv5lmwr,abd93692-5d4d-4204-baf6-b4b38443b698,true,"""2026-09-25T00:36:25.959Z""","""2026-09-25T01:39:08.711Z""",adt645blurcq,f2441d4c-4874-48a3-8351-7f36ce0b956b
00000000-0000-0000-0000-000000000000,1852,lkikn34iuvst,ea0ba87c-f14e-45b4-9757-c79e1f830f3b,true,"""2026-09-24T14:51:21.955Z""","""2026-09-25T02:55:12.096Z""",apejclkxdpor,8e190bb6-eed5-48e8-9c0a-0f6578ada5f8
00000000-0000-0000-0000-000000000000,1856,mtw7c6opxo6a,abd93692-5d4d-4204-baf6-b4b38443b698,true,"""2026-09-25T01:39:08.732Z""","""2026-09-25T03:17:33.778Z""",dgqu6dv5lmwr,f2441d4c-4874-48a3-8351-7f36ce0b956b
00000000-0000-0000-0000-000000000000,1850,kluzupgxcyel,ea0ba87c-f14e-45b4-9757-c79e1f830f3b,true,"""2026-09-24T14:08:03.895Z""","""2026-09-25T03:26:19.106Z""",tzmat3nhc5ed,546fb32f-3e88-4504-9d23-f8c090b7f925
00000000-0000-0000-0000-000000000000,1858,dbkrklwm6nl2,abd93692-5d4d-4204-baf6-b4b38443b698,true,"""2026-09-25T03:17:33.784Z""","""2026-09-25T04:16:16.119Z""",mtw7c6opxo6a,f2441d4c-4874-48a3-8351-7f36ce0b956b
00000000-0000-0000-0000-000000000000,1851,gmk2e3xhs2w5,4d7fdece-0cd7-40c4-b771-f0d8315ddd76,true,"""2026-09-24T14:44:22.783Z""","""2026-09-25T04:19:15.836Z""",qjym74q2enap,6c31883f-d56d-4228-8a1d-7d6b70719e31
00000000-0000-0000-0000-000000000000,1859,yom4sjtwweoe,ea0ba87c-f14e-45b4-9757-c79e1f830f3b,true,"""2026-09-25T03:26:19.119Z""","""2026-09-25T04:27:47.119Z""",kluzupgxcyel,546fb32f-3e88-4504-9d23-f8c090b7f925
00000000-0000-0000-0000-000000000000,1849,opg37gpo5xtb,669769f1-0d1d-47c2-9ce3-e18dacaccbc3,true,"""2026-09-24T14:07:56.851Z""","""2026-09-25T05:17:52.398Z""",fvavuiuenxhm,9d90c5a6-fd51-4379-8156-1b26ad0439fc
00000000-0000-0000-0000-000000000000,1861,efolnzyzunjn,4d7fdece-0cd7-40c4-b771-f0d8315ddd76,true,"""2026-09-25T04:19:15.843Z""","""2026-09-25T05:27:14.163Z""",gmk2e3xhs2w5,6c31883f-d56d-4228-8a1d-7d6b70719e31
00000000-0000-0000-0000-000000000000,1860,scrkpfo2gmom,abd93692-5d4d-4204-baf6-b4b38443b698,true,"""2026-09-25T04:16:16.142Z""","""2026-09-25T05:30:09.262Z""",dbkrklwm6nl2,f2441d4c-4874-48a3-8351-7f36ce0b956b
00000000-0000-0000-0000-000000000000,1862,l7buzgucwhv3,ea0ba87c-f14e-45b4-9757-c79e1f830f3b,true,"""2026-09-25T04:27:47.137Z""","""2026-09-25T05:50:11.553Z""",yom4sjtwweoe,546fb32f-3e88-4504-9d23-f8c090b7f925
00000000-0000-0000-0000-000000000000,1864,gtxfkvfjpq2r,4d7fdece-0cd7-40c4-b771-f0d8315ddd76,true,"""2026-09-25T05:27:14.182Z""","""2026-09-25T06:30:50.311Z""",efolnzyzunjn,6c31883f-d56d-4228-8a1d-7d6b70719e31
00000000-0000-0000-0000-000000000000,1824,x3tvhbm4o3df,abd93692-5d4d-4204-baf6-b4b38443b698,true,"""2026-09-24T09:28:17.857Z""","""2026-09-25T06:31:31.541Z""",,cd77f20a-6715-4515-8aa2-a1e757105141
00000000-0000-0000-0000-000000000000,1863,7kc56o3qxfaw,669769f1-0d1d-47c2-9ce3-e18dacaccbc3,true,"""2026-09-25T05:17:52.415Z""","""2026-09-25T06:36:36.484Z""",opg37gpo5xtb,9d90c5a6-fd51-4379-8156-1b26ad0439fc
00000000-0000-0000-0000-000000000000,1848,zs7w6ukr3k2q,200fe6c5-594e-4ab1-8172-51188af8df8e,true,"""2026-09-24T13:57:33.996Z""","""2026-09-25T07:00:14.518Z""",neazbz5bn6fm,76095e30-8cd9-42e3-9791-323fbdb48c4a
00000000-0000-0000-0000-000000000000,1865,mekgo2jti4af,abd93692-5d4d-4204-baf6-b4b38443b698,true,"""2026-09-25T05:30:09.268Z""","""2026-09-25T07:04:42.394Z""",scrkpfo2gmom,f2441d4c-4874-48a3-8351-7f36ce0b956b
00000000-0000-0000-0000-000000000000,1866,hdnigdzanlfy,ea0ba87c-f14e-45b4-9757-c79e1f830f3b,true,"""2026-09-25T05:50:11.575Z""","""2026-09-25T07:36:22.941Z""",l7buzgucwhv3,546fb32f-3e88-4504-9d23-f8c090b7f925
00000000-0000-0000-0000-000000000000,1839,w652pg6r35jl,a2afd759-1f92-4b05-a3f3-489290dcf6a7,true,"""2026-09-24T12:07:05.452Z""","""2026-09-25T08:25:18.256Z""",4q5vihp5cpau,b17c9755-830a-4d02-9733-d16da3da41d2
00000000-0000-0000-0000-000000000000,1843,23x7cwfuosv7,8c99ef63-96b0-442c-b9d0-aad6edbc5854,true,"""2026-09-24T12:55:19.197Z""","""2026-09-25T08:51:30.249Z""",ibqym4x5ibex,ac5ea5a9-2413-4dcf-b50e-127c07bad614
00000000-0000-0000-0000-000000000000,1882,ksawhyeetwg5,ea0ba87c-f14e-45b4-9757-c79e1f830f3b,true,"""2026-09-25T09:33:41.690Z""","""2026-09-25T11:05:36.499Z""",hztmjrx3fpik,546fb32f-3e88-4504-9d23-f8c090b7f925
00000000-0000-0000-0000-000000000000,1886,75lblmvouhva,4d7fdece-0cd7-40c4-b771-f0d8315ddd76,true,"""2026-09-25T10:26:55.406Z""","""2026-09-25T11:30:07.366Z""",5xv7g3rrciaz,6c31883f-d56d-4228-8a1d-7d6b70719e31
00000000-0000-0000-0000-000000000000,1887,47mknl537n77,8c99ef63-96b0-442c-b9d0-aad6edbc5854,true,"""2026-09-25T10:29:02.293Z""","""2026-09-25T11:38:10.927Z""",wlmjc6jve34l,ac5ea5a9-2413-4dcf-b50e-127c07bad614
00000000-0000-0000-0000-000000000000,1885,me5gjxf3qkk3,200fe6c5-594e-4ab1-8172-51188af8df8e,true,"""2026-09-25T10:26:40.300Z""","""2026-09-25T11:54:47.830Z""",ue252i2m66sl,76095e30-8cd9-42e3-9791-323fbdb48c4a
00000000-0000-0000-0000-000000000000,1869,qdjagzuea5dc,abd93692-5d4d-4204-baf6-b4b38443b698,true,"""2026-09-25T06:33:10.707Z""","""2026-09-25T07:31:17.020Z""",,5808aa9b-42d4-4b67-9a5a-01acd1db62c4
00000000-0000-0000-0000-000000000000,1873,hixdc4kz3qw7,abd93692-5d4d-4204-baf6-b4b38443b698,false,"""2026-09-25T07:31:17.040Z""","""2026-09-25T07:31:17.040Z""",qdjagzuea5dc,5808aa9b-42d4-4b67-9a5a-01acd1db62c4
00000000-0000-0000-0000-000000000000,1888,kqtcxc36wr4h,669769f1-0d1d-47c2-9ce3-e18dacaccbc3,true,"""2026-09-25T10:57:46.576Z""","""2026-09-25T11:59:35.713Z""",oqvmdwu5yxhk,9d90c5a6-fd51-4379-8156-1b26ad0439fc
00000000-0000-0000-0000-000000000000,1870,miexju64mlpo,669769f1-0d1d-47c2-9ce3-e18dacaccbc3,true,"""2026-09-25T06:36:36.488Z""","""2026-09-25T07:45:56.525Z""",7kc56o3qxfaw,9d90c5a6-fd51-4379-8156-1b26ad0439fc
00000000-0000-0000-0000-000000000000,1889,hjnqhq2vidbe,a2afd759-1f92-4b05-a3f3-489290dcf6a7,true,"""2026-09-25T11:03:08.758Z""","""2026-09-25T12:23:58.091Z""",bjg2iaf25et2,b17c9755-830a-4d02-9733-d16da3da41d2
00000000-0000-0000-0000-000000000000,1874,jfq3frvpphhm,ea0ba87c-f14e-45b4-9757-c79e1f830f3b,true,"""2026-09-25T07:36:22.951Z""","""2026-09-25T08:34:25.198Z""",hdnigdzanlfy,546fb32f-3e88-4504-9d23-f8c090b7f925
00000000-0000-0000-0000-000000000000,1893,a7zvigcgeiwz,200fe6c5-594e-4ab1-8172-51188af8df8e,true,"""2026-09-25T11:54:47.856Z""","""2026-09-25T12:52:54.815Z""",me5gjxf3qkk3,76095e30-8cd9-42e3-9791-323fbdb48c4a
00000000-0000-0000-0000-000000000000,1875,an2r6ib2ejtz,669769f1-0d1d-47c2-9ce3-e18dacaccbc3,true,"""2026-09-25T07:45:56.537Z""","""2026-09-25T08:52:50.700Z""",miexju64mlpo,9d90c5a6-fd51-4379-8156-1b26ad0439fc
00000000-0000-0000-0000-000000000000,1894,svmyp6cp3j5m,669769f1-0d1d-47c2-9ce3-e18dacaccbc3,true,"""2026-09-25T11:59:35.727Z""","""2026-09-25T13:09:28.296Z""",kqtcxc36wr4h,9d90c5a6-fd51-4379-8156-1b26ad0439fc
00000000-0000-0000-0000-000000000000,1871,crwenu5mv6ay,200fe6c5-594e-4ab1-8172-51188af8df8e,true,"""2026-09-25T07:00:14.539Z""","""2026-09-25T09:13:21.491Z""",zs7w6ukr3k2q,76095e30-8cd9-42e3-9791-323fbdb48c4a
00000000-0000-0000-0000-000000000000,1867,hdneo57eoorh,4d7fdece-0cd7-40c4-b771-f0d8315ddd76,true,"""2026-09-25T06:30:50.329Z""","""2026-09-25T09:27:56.253Z""",gtxfkvfjpq2r,6c31883f-d56d-4228-8a1d-7d6b70719e31
00000000-0000-0000-0000-000000000000,1896,laavfatdmaup,ea0ba87c-f14e-45b4-9757-c79e1f830f3b,true,"""2026-09-25T12:27:41.260Z""","""2026-09-25T13:25:50.445Z""",gxad3n7vnr5p,546fb32f-3e88-4504-9d23-f8c090b7f925
00000000-0000-0000-0000-000000000000,1877,hztmjrx3fpik,ea0ba87c-f14e-45b4-9757-c79e1f830f3b,true,"""2026-09-25T08:34:25.213Z""","""2026-09-25T09:33:41.680Z""",jfq3frvpphhm,546fb32f-3e88-4504-9d23-f8c090b7f925
00000000-0000-0000-0000-000000000000,1879,l2nmssj4tubh,669769f1-0d1d-47c2-9ce3-e18dacaccbc3,true,"""2026-09-25T08:52:50.706Z""","""2026-09-25T09:50:58.762Z""",an2r6ib2ejtz,9d90c5a6-fd51-4379-8156-1b26ad0439fc
00000000-0000-0000-0000-000000000000,1876,4jjpmufhf6iq,a2afd759-1f92-4b05-a3f3-489290dcf6a7,true,"""2026-09-25T08:25:18.275Z""","""2026-09-25T09:59:39.955Z""",w652pg6r35jl,b17c9755-830a-4d02-9733-d16da3da41d2
00000000-0000-0000-0000-000000000000,1892,u7jff66c7qtq,8c99ef63-96b0-442c-b9d0-aad6edbc5854,true,"""2026-09-25T11:38:10.944Z""","""2026-09-25T13:27:31.151Z""",47mknl537n77,ac5ea5a9-2413-4dcf-b50e-127c07bad614
00000000-0000-0000-0000-000000000000,1880,ue252i2m66sl,200fe6c5-594e-4ab1-8172-51188af8df8e,true,"""2026-09-25T09:13:21.519Z""","""2026-09-25T10:26:40.279Z""",crwenu5mv6ay,76095e30-8cd9-42e3-9791-323fbdb48c4a
00000000-0000-0000-0000-000000000000,1881,5xv7g3rrciaz,4d7fdece-0cd7-40c4-b771-f0d8315ddd76,true,"""2026-09-25T09:27:56.274Z""","""2026-09-25T10:26:55.398Z""",hdneo57eoorh,6c31883f-d56d-4228-8a1d-7d6b70719e31
00000000-0000-0000-0000-000000000000,1878,wlmjc6jve34l,8c99ef63-96b0-442c-b9d0-aad6edbc5854,true,"""2026-09-25T08:51:30.272Z""","""2026-09-25T10:29:02.287Z""",23x7cwfuosv7,ac5ea5a9-2413-4dcf-b50e-127c07bad614
00000000-0000-0000-0000-000000000000,1883,oqvmdwu5yxhk,669769f1-0d1d-47c2-9ce3-e18dacaccbc3,true,"""2026-09-25T09:50:58.777Z""","""2026-09-25T10:57:46.558Z""",l2nmssj4tubh,9d90c5a6-fd51-4379-8156-1b26ad0439fc
00000000-0000-0000-0000-000000000000,1884,bjg2iaf25et2,a2afd759-1f92-4b05-a3f3-489290dcf6a7,true,"""2026-09-25T09:59:39.972Z""","""2026-09-25T11:03:08.745Z""",4jjpmufhf6iq,b17c9755-830a-4d02-9733-d16da3da41d2
00000000-0000-0000-0000-000000000000,1897,5uefllteeyjf,abd93692-5d4d-4204-baf6-b4b38443b698,true,"""2026-09-25T12:34:20.162Z""","""2026-09-25T13:32:50.626Z""",pyy3kfqgj5ru,3baed8d7-023b-4013-b15b-8a8560377e39
00000000-0000-0000-0000-000000000000,1899,yntb24yjoyoo,200fe6c5-594e-4ab1-8172-51188af8df8e,true,"""2026-09-25T12:52:54.832Z""","""2026-09-25T13:52:42.590Z""",a7zvigcgeiwz,76095e30-8cd9-42e3-9791-323fbdb48c4a
00000000-0000-0000-0000-000000000000,1901,zpybrsjumbuf,ea0ba87c-f14e-45b4-9757-c79e1f830f3b,true,"""2026-09-25T13:25:50.466Z""","""2026-09-25T14:24:04.936Z""",laavfatdmaup,546fb32f-3e88-4504-9d23-f8c090b7f925
00000000-0000-0000-0000-000000000000,1903,gaysn34syple,abd93692-5d4d-4204-baf6-b4b38443b698,true,"""2026-09-25T13:32:50.643Z""","""2026-09-25T14:31:20.647Z""",5uefllteeyjf,3baed8d7-023b-4013-b15b-8a8560377e39
00000000-0000-0000-0000-000000000000,1908,g7i2dwlvygfx,abd93692-5d4d-4204-baf6-b4b38443b698,false,"""2026-09-25T14:31:20.663Z""","""2026-09-25T14:31:20.663Z""",gaysn34syple,3baed8d7-023b-4013-b15b-8a8560377e39
00000000-0000-0000-0000-000000000000,1900,yfb7m5jad2kh,669769f1-0d1d-47c2-9ce3-e18dacaccbc3,true,"""2026-09-25T13:09:28.318Z""","""2026-09-25T14:37:48.693Z""",svmyp6cp3j5m,9d90c5a6-fd51-4379-8156-1b26ad0439fc
00000000-0000-0000-0000-000000000000,1898,erw4vrowo3ea,4d7fdece-0cd7-40c4-b771-f0d8315ddd76,true,"""2026-09-25T12:46:28.847Z""","""2026-09-25T14:44:39.244Z""",pzot5lgresqr,6c31883f-d56d-4228-8a1d-7d6b70719e31
00000000-0000-0000-0000-000000000000,1904,usqabpqfyrk5,ea0ba87c-f14e-45b4-9757-c79e1f830f3b,true,"""2026-09-25T13:44:45.140Z""","""2026-09-25T14:58:13.439Z""",ncvef3cfnbe3,8e190bb6-eed5-48e8-9c0a-0f6578ada5f8
00000000-0000-0000-0000-000000000000,1872,oddla27yzaop,abd93692-5d4d-4204-baf6-b4b38443b698,true,"""2026-09-25T07:04:42.400Z""","""2026-09-26T00:27:07.746Z""",mekgo2jti4af,f2441d4c-4874-48a3-8351-7f36ce0b956b
00000000-0000-0000-0000-000000000000,1912,6qxvoodoyvim,abd93692-5d4d-4204-baf6-b4b38443b698,true,"""2026-09-26T00:27:07.770Z""","""2026-09-26T01:26:23.938Z""",oddla27yzaop,f2441d4c-4874-48a3-8351-7f36ce0b956b
00000000-0000-0000-0000-000000000000,1913,2l7vaevglkju,abd93692-5d4d-4204-baf6-b4b38443b698,true,"""2026-09-26T01:26:23.955Z""","""2026-09-26T02:24:48.254Z""",6qxvoodoyvim,f2441d4c-4874-48a3-8351-7f36ce0b956b
00000000-0000-0000-0000-000000000000,1911,o3c3dwsqlsxz,ea0ba87c-f14e-45b4-9757-c79e1f830f3b,true,"""2026-09-25T14:58:13.454Z""","""2026-09-26T02:49:27.410Z""",usqabpqfyrk5,8e190bb6-eed5-48e8-9c0a-0f6578ada5f8
00000000-0000-0000-0000-000000000000,1907,xiqbian4ecny,ea0ba87c-f14e-45b4-9757-c79e1f830f3b,true,"""2026-09-25T14:24:04.952Z""","""2026-09-26T03:04:04.370Z""",zpybrsjumbuf,546fb32f-3e88-4504-9d23-f8c090b7f925
00000000-0000-0000-0000-000000000000,1914,dluikoeyvz2o,abd93692-5d4d-4204-baf6-b4b38443b698,true,"""2026-09-26T02:24:48.268Z""","""2026-09-26T03:28:23.555Z""",2l7vaevglkju,f2441d4c-4874-48a3-8351-7f36ce0b956b
00000000-0000-0000-0000-000000000000,1910,hyc7gcldabru,4d7fdece-0cd7-40c4-b771-f0d8315ddd76,true,"""2026-09-25T14:44:39.252Z""","""2026-09-26T03:38:56.551Z""",erw4vrowo3ea,6c31883f-d56d-4228-8a1d-7d6b70719e31
00000000-0000-0000-0000-000000000000,1917,oqgtqd6xtv5q,abd93692-5d4d-4204-baf6-b4b38443b698,true,"""2026-09-26T03:28:23.571Z""","""2026-09-26T04:26:38.522Z""",dluikoeyvz2o,f2441d4c-4874-48a3-8351-7f36ce0b956b
00000000-0000-0000-0000-000000000000,1868,z5ro3mxemuxz,abd93692-5d4d-4204-baf6-b4b38443b698,true,"""2026-09-25T06:31:31.551Z""","""2026-09-26T04:28:35.426Z""",x3tvhbm4o3df,cd77f20a-6715-4515-8aa2-a1e757105141
00000000-0000-0000-0000-000000000000,1902,fvunylsk2snr,8c99ef63-96b0-442c-b9d0-aad6edbc5854,true,"""2026-09-25T13:27:31.159Z""","""2026-09-26T04:33:37.343Z""",u7jff66c7qtq,ac5ea5a9-2413-4dcf-b50e-127c07bad614
00000000-0000-0000-0000-000000000000,1916,ju3v5tmof3si,ea0ba87c-f14e-45b4-9757-c79e1f830f3b,true,"""2026-09-26T03:04:04.384Z""","""2026-09-26T04:40:34.618Z""",xiqbian4ecny,546fb32f-3e88-4504-9d23-f8c090b7f925
00000000-0000-0000-0000-000000000000,1918,yjcfhdigsgz3,4d7fdece-0cd7-40c4-b771-f0d8315ddd76,true,"""2026-09-26T03:38:56.562Z""","""2026-09-26T04:41:27.464Z""",hyc7gcldabru,6c31883f-d56d-4228-8a1d-7d6b70719e31
00000000-0000-0000-0000-000000000000,1915,2idukcxnl5hi,ea0ba87c-f14e-45b4-9757-c79e1f830f3b,true,"""2026-09-26T02:49:27.424Z""","""2026-09-26T05:27:09.210Z""",o3c3dwsqlsxz,8e190bb6-eed5-48e8-9c0a-0f6578ada5f8
00000000-0000-0000-0000-000000000000,1919,pxmnjkltudoo,abd93692-5d4d-4204-baf6-b4b38443b698,true,"""2026-09-26T04:26:38.538Z""","""2026-09-26T05:46:47.810Z""",oqgtqd6xtv5q,f2441d4c-4874-48a3-8351-7f36ce0b956b
00000000-0000-0000-0000-000000000000,1909,armc5pfxfubi,669769f1-0d1d-47c2-9ce3-e18dacaccbc3,true,"""2026-09-25T14:37:48.701Z""","""2026-09-26T06:50:24.455Z""",yfb7m5jad2kh,9d90c5a6-fd51-4379-8156-1b26ad0439fc
00000000-0000-0000-0000-000000000000,1906,bvdrfzurvfr4,200fe6c5-594e-4ab1-8172-51188af8df8e,true,"""2026-09-25T13:52:42.591Z""","""2026-09-26T07:02:36.961Z""",yntb24yjoyoo,76095e30-8cd9-42e3-9791-323fbdb48c4a
00000000-0000-0000-0000-000000000000,1920,dzqxkgmeumqw,abd93692-5d4d-4204-baf6-b4b38443b698,true,"""2026-09-26T04:28:35.432Z""","""2026-09-26T14:59:39.387Z""",z5ro3mxemuxz,cd77f20a-6715-4515-8aa2-a1e757105141
00000000-0000-0000-0000-000000000000,1922,kyf7mrkttte5,ea0ba87c-f14e-45b4-9757-c79e1f830f3b,true,"""2026-09-26T04:40:34.626Z""","""2026-09-26T05:38:42.477Z""",ju3v5tmof3si,546fb32f-3e88-4504-9d23-f8c090b7f925
00000000-0000-0000-0000-000000000000,1924,2pi4eu27qvog,a2afd759-1f92-4b05-a3f3-489290dcf6a7,true,"""2026-09-26T04:43:25.489Z""","""2026-09-26T05:45:50.837Z""",iv73wktvw4lk,c0f6b926-7071-4185-bcd8-85f21ab98a61
00000000-0000-0000-0000-000000000000,1928,klxaw2akhqsp,a2afd759-1f92-4b05-a3f3-489290dcf6a7,false,"""2026-09-26T05:45:50.850Z""","""2026-09-26T05:45:50.850Z""",2pi4eu27qvog,c0f6b926-7071-4185-bcd8-85f21ab98a61
00000000-0000-0000-0000-000000000000,1929,hthng55cuwbp,abd93692-5d4d-4204-baf6-b4b38443b698,false,"""2026-09-26T05:46:47.816Z""","""2026-09-26T05:46:47.816Z""",pxmnjkltudoo,f2441d4c-4874-48a3-8351-7f36ce0b956b
00000000-0000-0000-0000-000000000000,1923,onptcwunr2fp,4d7fdece-0cd7-40c4-b771-f0d8315ddd76,true,"""2026-09-26T04:41:27.468Z""","""2026-09-26T05:49:35.187Z""",yjcfhdigsgz3,6c31883f-d56d-4228-8a1d-7d6b70719e31
00000000-0000-0000-0000-000000000000,1925,ni6efejdhd5o,abd93692-5d4d-4204-baf6-b4b38443b698,true,"""2026-09-26T04:53:25.117Z""","""2026-09-26T05:51:43.484Z""",,6f7ecb0a-342e-45d2-a450-48e82a1e143c
00000000-0000-0000-0000-000000000000,1932,a4yvkgs5ixkw,abd93692-5d4d-4204-baf6-b4b38443b698,false,"""2026-09-26T05:57:33.421Z""","""2026-09-26T05:57:33.421Z""",,97c89c96-031e-4dfe-adcf-eda9664f7b9a
00000000-0000-0000-0000-000000000000,1921,53w5skuazekx,8c99ef63-96b0-442c-b9d0-aad6edbc5854,true,"""2026-09-26T04:33:37.355Z""","""2026-09-26T06:12:28.792Z""",fvunylsk2snr,ac5ea5a9-2413-4dcf-b50e-127c07bad614
00000000-0000-0000-0000-000000000000,1933,mw3dresgagtw,8c99ef63-96b0-442c-b9d0-aad6edbc5854,false,"""2026-09-26T06:12:28.811Z""","""2026-09-26T06:12:28.811Z""",53w5skuazekx,ac5ea5a9-2413-4dcf-b50e-127c07bad614
00000000-0000-0000-0000-000000000000,1931,du2jw5dhe7jc,abd93692-5d4d-4204-baf6-b4b38443b698,true,"""2026-09-26T05:51:43.487Z""","""2026-09-26T06:50:18.761Z""",ni6efejdhd5o,6f7ecb0a-342e-45d2-a450-48e82a1e143c
00000000-0000-0000-0000-000000000000,1927,zwlf4sbwvm2q,ea0ba87c-f14e-45b4-9757-c79e1f830f3b,true,"""2026-09-26T05:38:42.498Z""","""2026-09-26T07:09:28.923Z""",kyf7mrkttte5,546fb32f-3e88-4504-9d23-f8c090b7f925
00000000-0000-0000-0000-000000000000,1895,l5wruxex65u2,a2afd759-1f92-4b05-a3f3-489290dcf6a7,true,"""2026-09-25T12:23:58.112Z""","""2026-09-26T07:23:46.701Z""",hjnqhq2vidbe,b17c9755-830a-4d02-9733-d16da3da41d2
00000000-0000-0000-0000-000000000000,1935,3o45hk5m7etq,abd93692-5d4d-4204-baf6-b4b38443b698,true,"""2026-09-26T06:50:18.781Z""","""2026-09-26T07:48:51.786Z""",du2jw5dhe7jc,6f7ecb0a-342e-45d2-a450-48e82a1e143c
00000000-0000-0000-0000-000000000000,1940,l4yl27ar6rsi,abd93692-5d4d-4204-baf6-b4b38443b698,false,"""2026-09-26T07:48:51.802Z""","""2026-09-26T07:48:51.802Z""",3o45hk5m7etq,6f7ecb0a-342e-45d2-a450-48e82a1e143c
00000000-0000-0000-0000-000000000000,1926,leeipvijex3k,ea0ba87c-f14e-45b4-9757-c79e1f830f3b,true,"""2026-09-26T05:27:09.226Z""","""2026-09-26T08:11:20.894Z""",2idukcxnl5hi,8e190bb6-eed5-48e8-9c0a-0f6578ada5f8
00000000-0000-0000-0000-000000000000,1938,rpa6rxg66caw,ea0ba87c-f14e-45b4-9757-c79e1f830f3b,true,"""2026-09-26T07:09:28.936Z""","""2026-09-26T08:11:21.852Z""",zwlf4sbwvm2q,546fb32f-3e88-4504-9d23-f8c090b7f925
00000000-0000-0000-0000-000000000000,1937,t72as2a2uq3l,200fe6c5-594e-4ab1-8172-51188af8df8e,true,"""2026-09-26T07:02:36.977Z""","""2026-09-26T08:16:02.841Z""",bvdrfzurvfr4,76095e30-8cd9-42e3-9791-323fbdb48c4a
00000000-0000-0000-0000-000000000000,1939,oiutf3c5mqdp,a2afd759-1f92-4b05-a3f3-489290dcf6a7,true,"""2026-09-26T07:23:46.720Z""","""2026-09-26T08:46:39.867Z""",l5wruxex65u2,b17c9755-830a-4d02-9733-d16da3da41d2
00000000-0000-0000-0000-000000000000,1936,sfbnnis3tnhe,669769f1-0d1d-47c2-9ce3-e18dacaccbc3,true,"""2026-09-26T06:50:24.457Z""","""2026-09-26T08:48:12.612Z""",armc5pfxfubi,9d90c5a6-fd51-4379-8156-1b26ad0439fc
00000000-0000-0000-0000-000000000000,1930,yfj77xlr5gbi,4d7fdece-0cd7-40c4-b771-f0d8315ddd76,true,"""2026-09-26T05:49:35.195Z""","""2026-09-26T09:13:55.400Z""",onptcwunr2fp,6c31883f-d56d-4228-8a1d-7d6b70719e31
00000000-0000-0000-0000-000000000000,1943,razoxnuaqjzd,200fe6c5-594e-4ab1-8172-51188af8df8e,true,"""2026-09-26T08:16:02.848Z""","""2026-09-26T09:15:25.872Z""",t72as2a2uq3l,76095e30-8cd9-42e3-9791-323fbdb48c4a
00000000-0000-0000-0000-000000000000,1942,nzmnkl5f432l,ea0ba87c-f14e-45b4-9757-c79e1f830f3b,true,"""2026-09-26T08:11:21.857Z""","""2026-09-26T09:15:34.257Z""",rpa6rxg66caw,546fb32f-3e88-4504-9d23-f8c090b7f925
00000000-0000-0000-0000-000000000000,1946,xjt5vjczgrgj,8c99ef63-96b0-442c-b9d0-aad6edbc5854,true,"""2026-09-26T09:01:13.046Z""","""2026-09-26T09:59:57.325Z""",,bbc0481d-955f-4489-851a-647eb38a8e3c
00000000-0000-0000-0000-000000000000,1948,inpqsnc6f7rs,200fe6c5-594e-4ab1-8172-51188af8df8e,true,"""2026-09-26T09:15:25.882Z""","""2026-09-26T10:13:58.624Z""",razoxnuaqjzd,76095e30-8cd9-42e3-9791-323fbdb48c4a
00000000-0000-0000-0000-000000000000,1949,yysvtanu27wq,ea0ba87c-f14e-45b4-9757-c79e1f830f3b,true,"""2026-09-26T09:15:34.257Z""","""2026-09-26T10:15:47.351Z""",nzmnkl5f432l,546fb32f-3e88-4504-9d23-f8c090b7f925
00000000-0000-0000-0000-000000000000,1945,ukzdrneuso6k,669769f1-0d1d-47c2-9ce3-e18dacaccbc3,true,"""2026-09-26T08:48:12.620Z""","""2026-09-26T10:17:39.048Z""",sfbnnis3tnhe,9d90c5a6-fd51-4379-8156-1b26ad0439fc
00000000-0000-0000-0000-000000000000,1947,6ll3gbzmg54a,4d7fdece-0cd7-40c4-b771-f0d8315ddd76,true,"""2026-09-26T09:13:55.418Z""","""2026-09-26T10:39:51.556Z""",yfj77xlr5gbi,6c31883f-d56d-4228-8a1d-7d6b70719e31
00000000-0000-0000-0000-000000000000,1950,hk7cmh7ltahr,8c99ef63-96b0-442c-b9d0-aad6edbc5854,true,"""2026-09-26T09:59:57.347Z""","""2026-09-26T10:58:06.860Z""",xjt5vjczgrgj,bbc0481d-955f-4489-851a-647eb38a8e3c
00000000-0000-0000-0000-000000000000,1951,7w2xivwgmjjn,200fe6c5-594e-4ab1-8172-51188af8df8e,true,"""2026-09-26T10:13:58.639Z""","""2026-09-26T11:13:38.247Z""",inpqsnc6f7rs,76095e30-8cd9-42e3-9791-323fbdb48c4a
00000000-0000-0000-0000-000000000000,1952,xgb3kv2zcfsc,ea0ba87c-f14e-45b4-9757-c79e1f830f3b,true,"""2026-09-26T10:15:47.373Z""","""2026-09-26T11:32:12.103Z""",yysvtanu27wq,546fb32f-3e88-4504-9d23-f8c090b7f925
00000000-0000-0000-0000-000000000000,1953,kxphg4v3pxat,669769f1-0d1d-47c2-9ce3-e18dacaccbc3,true,"""2026-09-26T10:17:39.055Z""","""2026-09-26T11:37:25.290Z""",ukzdrneuso6k,9d90c5a6-fd51-4379-8156-1b26ad0439fc
00000000-0000-0000-0000-000000000000,1955,r2brj5d7z2gs,8c99ef63-96b0-442c-b9d0-aad6edbc5854,true,"""2026-09-26T10:58:06.878Z""","""2026-09-26T12:00:05.744Z""",hk7cmh7ltahr,bbc0481d-955f-4489-851a-647eb38a8e3c
00000000-0000-0000-0000-000000000000,1959,us2vjsozx5f6,8c99ef63-96b0-442c-b9d0-aad6edbc5854,false,"""2026-09-26T12:00:05.760Z""","""2026-09-26T12:00:05.760Z""",r2brj5d7z2gs,bbc0481d-955f-4489-851a-647eb38a8e3c
00000000-0000-0000-0000-000000000000,1944,3ewyxtixeoum,a2afd759-1f92-4b05-a3f3-489290dcf6a7,true,"""2026-09-26T08:46:39.890Z""","""2026-09-26T12:11:35.924Z""",oiutf3c5mqdp,b17c9755-830a-4d02-9733-d16da3da41d2
00000000-0000-0000-0000-000000000000,1960,cj2ybtl5w6ce,a2afd759-1f92-4b05-a3f3-489290dcf6a7,false,"""2026-09-26T12:11:35.941Z""","""2026-09-26T12:11:35.941Z""",3ewyxtixeoum,b17c9755-830a-4d02-9733-d16da3da41d2
00000000-0000-0000-0000-000000000000,1956,q7q3smpy3ofs,200fe6c5-594e-4ab1-8172-51188af8df8e,true,"""2026-09-26T11:13:38.279Z""","""2026-09-26T12:11:54.533Z""",7w2xivwgmjjn,76095e30-8cd9-42e3-9791-323fbdb48c4a
00000000-0000-0000-0000-000000000000,1958,fyuf5oi4lmma,669769f1-0d1d-47c2-9ce3-e18dacaccbc3,true,"""2026-09-26T11:37:25.301Z""","""2026-09-26T12:53:05.213Z""",kxphg4v3pxat,9d90c5a6-fd51-4379-8156-1b26ad0439fc
00000000-0000-0000-0000-000000000000,1957,hcff6zn2w4t5,ea0ba87c-f14e-45b4-9757-c79e1f830f3b,true,"""2026-09-26T11:32:12.122Z""","""2026-09-26T12:54:31.088Z""",xgb3kv2zcfsc,546fb32f-3e88-4504-9d23-f8c090b7f925
00000000-0000-0000-0000-000000000000,1954,gsyiwp77u5il,4d7fdece-0cd7-40c4-b771-f0d8315ddd76,true,"""2026-09-26T10:39:51.574Z""","""2026-09-26T12:57:07.742Z""",6ll3gbzmg54a,6c31883f-d56d-4228-8a1d-7d6b70719e31
00000000-0000-0000-0000-000000000000,1961,2wnx35k7euqn,200fe6c5-594e-4ab1-8172-51188af8df8e,true,"""2026-09-26T12:11:54.540Z""","""2026-09-26T13:10:13.032Z""",q7q3smpy3ofs,76095e30-8cd9-42e3-9791-323fbdb48c4a
00000000-0000-0000-0000-000000000000,1963,fie6hpc2l4hv,ea0ba87c-f14e-45b4-9757-c79e1f830f3b,true,"""2026-09-26T12:54:31.094Z""","""2026-09-26T13:56:05.402Z""",hcff6zn2w4t5,546fb32f-3e88-4504-9d23-f8c090b7f925
00000000-0000-0000-0000-000000000000,1962,j56wc3nipidy,669769f1-0d1d-47c2-9ce3-e18dacaccbc3,true,"""2026-09-26T12:53:05.233Z""","""2026-09-26T14:09:41.696Z""",fyuf5oi4lmma,9d90c5a6-fd51-4379-8156-1b26ad0439fc
00000000-0000-0000-0000-000000000000,1967,qnbm4yzmvcd4,669769f1-0d1d-47c2-9ce3-e18dacaccbc3,false,"""2026-09-26T14:09:41.707Z""","""2026-09-26T14:09:41.707Z""",j56wc3nipidy,9d90c5a6-fd51-4379-8156-1b26ad0439fc
00000000-0000-0000-0000-000000000000,1964,zz3ou6wisyed,4d7fdece-0cd7-40c4-b771-f0d8315ddd76,true,"""2026-09-26T12:57:07.750Z""","""2026-09-26T14:10:41.965Z""",gsyiwp77u5il,6c31883f-d56d-4228-8a1d-7d6b70719e31
00000000-0000-0000-0000-000000000000,1968,5waghnbozmdo,4d7fdece-0cd7-40c4-b771-f0d8315ddd76,false,"""2026-09-26T14:10:41.980Z""","""2026-09-26T14:10:41.980Z""",zz3ou6wisyed,6c31883f-d56d-4228-8a1d-7d6b70719e31
00000000-0000-0000-0000-000000000000,1965,rlaujpfxa5o3,200fe6c5-594e-4ab1-8172-51188af8df8e,true,"""2026-09-26T13:10:13.051Z""","""2026-09-26T14:15:44.060Z""",2wnx35k7euqn,76095e30-8cd9-42e3-9791-323fbdb48c4a
00000000-0000-0000-0000-000000000000,1969,7m563hwl4x3w,200fe6c5-594e-4ab1-8172-51188af8df8e,false,"""2026-09-26T14:15:44.076Z""","""2026-09-26T14:15:44.076Z""",rlaujpfxa5o3,76095e30-8cd9-42e3-9791-323fbdb48c4a
00000000-0000-0000-0000-000000000000,1934,ykdphfuqubtr,abd93692-5d4d-4204-baf6-b4b38443b698,true,"""2026-09-26T06:40:58.146Z""","""2026-09-26T14:18:46.763Z""",,a03c8b37-dc78-49fa-875d-b5ed22cbcda2
00000000-0000-0000-0000-000000000000,1966,bf7z5cnh4qwi,ea0ba87c-f14e-45b4-9757-c79e1f830f3b,true,"""2026-09-26T13:56:05.421Z""","""2026-09-26T15:00:24.521Z""",fie6hpc2l4hv,546fb32f-3e88-4504-9d23-f8c090b7f925
00000000-0000-0000-0000-000000000000,1941,xp5fshvlcee4,ea0ba87c-f14e-45b4-9757-c79e1f830f3b,true,"""2026-09-26T08:11:20.908Z""","""2026-09-26T15:24:42.954Z""",leeipvijex3k,8e190bb6-eed5-48e8-9c0a-0f6578ada5f8
00000000-0000-0000-0000-000000000000,1970,m7osgxtkg7ic,abd93692-5d4d-4204-baf6-b4b38443b698,false,"""2026-09-26T14:18:46.770Z""","""2026-09-26T14:18:46.770Z""",ykdphfuqubtr,a03c8b37-dc78-49fa-875d-b5ed22cbcda2
00000000-0000-0000-0000-000000000000,1971,hvvo7j3aeqtw,abd93692-5d4d-4204-baf6-b4b38443b698,false,"""2026-09-26T14:59:39.408Z""","""2026-09-26T14:59:39.408Z""",dzqxkgmeumqw,cd77f20a-6715-4515-8aa2-a1e757105141
00000000-0000-0000-0000-000000000000,1972,fcwkkv7w6pt3,ea0ba87c-f14e-45b4-9757-c79e1f830f3b,false,"""2026-09-26T15:00:24.522Z""","""2026-09-26T15:00:24.522Z""",bf7z5cnh4qwi,546fb32f-3e88-4504-9d23-f8c090b7f925
00000000-0000-0000-0000-000000000000,1973,6rzm4tzyl5gk,ea0ba87c-f14e-45b4-9757-c79e1f830f3b,false,"""2026-09-26T15:24:42.973Z""","""2026-09-26T15:24:42.973Z""",xp5fshvlcee4,8e190bb6-eed5-48e8-9c0a-0f6578ada5f8